Word,Frequency
like,694
get,587
wheel,569
racing,489
would,448
sim,437
one,419
good,379
also,325
much,317
time,302
rig,289
better,285
go,276
need,268
think,264
know,261
really,260
pc,259
even,255
people,249
got,237
use,237
way,225
want,223
still,220
race,210
well,207
going,206
see,202
vr,198
lot,196
game,195
pedals,192
used,191
could,185
make,185
great,180
fun,180
2,178
something,178
probably,169
sure,168
iracing,167
monitor,166
buy,165
thanks,163
try,161
real,160
best,159
look,157
right,155
driving,151
around,148
feel,147
setup,147
fanatec,146
back,144
thing,144
money,143
first,143
price,142
dd,142
seat,139
games,137
maybe,136
track,135
drive,134
never,133
3,133
years,133
lol,130
looks,130
say,128
play,127
using,125
find,124
getting,123
enough,123
actually,122
yeah,121
since,121
bit,119
many,119
take,117
pretty,117
set,116
run,116
work,115
might,114
though,112
f1,110
long,109
base,108
without,108
experience,106
looking,106
love,106
life,103
wheels,103
upgrade,100
said,100
acc,99
nice,99
suck,98
different,96
give,96
things,95
able,94
start,94
bad,93
end,93
point,92
day,92
yes,91
every,91
little,90
last,89
less,89
made,89
fine,88
driver,88
next,88
makes,87
anything,87
quality,87
always,86
screen,86
ac,86
logitech,86
put,85
etc,85
stuff,85
power,85
pedal,85
thought,84
keep,82
trying,82
worth,81
least,81
cost,80
year,80
build,80
support,78
level,78
gt,78
everything,78
bought,77
recommend,77
done,77
tracks,76
spend,76
shit,76
thank,75
post,75
pro,75
times,75
monitors,74
shifter,74
ca,74
brake,73
definitely,72
two,72
learn,72
gear,72
someone,71
either,71
fps,71
seems,70
expensive,70
big,70
enjoy,70
went,69
control,69
full,69
dont,68
g29,68
quest,68
settings,67
cheap,66
issue,66
almost,66
turn,65
side,65
part,64
triple,64
tried,63
quite,63
works,63
guess,62
im,62
absolutely,62
na,61
come,61
hard,61
lap,61
playing,60
1,60
main,60
help,60
started,60
practice,60
rally,60
budget,60
road,60
nothing,59
single,59
issues,59
moza,59
box,59
low,58
races,58
100,58
another,58
else,58
second,58
running,58
buying,57
decent,57
top,57
far,57
let,57
high,57
steering,57
seen,56
mean,56
cpu,56
ever,56
hours,56
product,56
difference,56
reason,56
faster,55
content,55
old,55
super,55
clutch,55
button,55
already,54
deal,54
series,54
instead,54
drivers,54
corsa,53
gt3,53
room,52
kind,52
free,52
built,52
man,52
away,52
ago,52
fast,52
understand,52
xbox,52
sell,52
happy,51
change,51
performance,51
assetto,50
simracing,50
motion,50
csl,50
usb,50
4k,50
system,49
week,49
online,49
wrong,49
may,49
fov,49
10,49
read,49
others,49
hobby,48
load,48
cool,48
comes,48
couple,48
close,48
software,48
everyone,47
5,47
simagic,47
turtle,47
found,46
wait,46
guy,46
4,46
desk,46
gpu,46
problem,45
market,45
especially,45
tell,45
triples,45
op,45
gaming,45
gon,45
amazon,45
skill,45
yet,45
exactly,45
learning,45
dedicated,44
us,44
cheaper,44
wanted,44
honestly,44
mind,44
sims,44
check,44
add,44
32,44
asetek,44
line,43
idea,43
months,43
similar,43
easy,43
place,43
mine,43
beach,43
bundle,43
feedback,42
value,42
imo,42
lower,42
stand,42
option,42
dirt,42
cable,42
parts,42
1440p,42
gets,41
due,41
basically,41
possible,41
graphics,41
display,41
higher,41
weeks,41
simucube,41
vrs,41
order,40
video,40
ams2,40
question,40
move,40
awesome,40
reviews,40
edit,40
usually,39
case,39
amazing,39
spent,39
kit,39
goes,39
push,39
saw,39
t300,39
irl,39
save,38
unless,38
model,38
pay,38
hardware,38
ai,38
console,38
feels,38
sale,38
agree,38
design,38
throttle,38
actual,37
whole,37
mount,37
options,37
force,37
personally,37
headset,37
computer,37
sorry,37
link,37
u,37
plastic,37
wo,37
controller,37
days,37
however,36
range,36
rigs,36
talking,36
later,36
open,36
switch,36
g,36
wheelbase,36
customer,36
200,35
easily,35
plan,35
gt7,35
mostly,35
torque,35
making,35
cell,35
easier,34
sense,34
world,34
completely,34
forza,34
solid,34
seem,34
front,33
laps,33
simulator,33
oh,33
version,33
perfect,33
left,33
saying,33
imagine,33
likely,33
motor,33
ferrari,33
ordered,33
comfortable,32
company,32
career,32
corner,32
literally,32
extra,32
stop,32
future,32
feeling,32
carbon,32
ecu,32
based,31
sometimes,31
hit,31
takes,31
fact,31
building,31
coming,31
dude,31
wrc,31
5nm,31
thats,31
engine,31
means,31
brand,31
heard,30
ffb,30
opinion,30
rather,30
stay,30
bro,30
working,30
whatever,30
show,30
paid,30
ones,30
speed,30
chair,30
wish,30
buttons,30
took,30
small,29
wide,29
6,29
spending,29
clean,29
behind,29
matter,29
mode,29
head,29
comment,29
exact,29
limit,29
space,29
plate,29
believe,29
rating,29
center,29
true,29
important,29
braking,29
proper,29
number,28
advice,28
currently,28
care,28
stick,28
service,28
racer,28
plus,28
interested,28
sounds,28
hand,28
physics,28
mentioned,28
lite,28
break,28
today,28
stupid,28
kinda,28
hub,28
ps5,28
team,28
handbrake,28
choice,28
brakes,28
1080p,28
direct,28
8,28
tires,28
half,28
felt,28
hell,28
r,27
compared,27
black,27
thinking,27
played,27
controls,27
realistic,27
data,27
near,27
haha,27
shipping,27
compatible,27
guys,27
screens,27
bigger,27
soon,27
p1000,27
short,26
thrustmaster,26
longer,26
cockpit,26
worse,26
huge,26
taking,26
available,26
simple,26
hope,26
ok,26
together,26
starting,26
products,26
fucking,26
turning,26
safety,26
prefer,26
example,25
mods,25
plenty,25
quickly,25
recently,25
sound,25
upgraded,25
damn,25
eventually,25
waiting,25
hey,25
resolution,25
frame,25
lfm,25
hear,25
amount,25
remember,24
wall,24
profile,24
closer,24
8nm,24
needed,24
split,24
fix,24
keyboard,24
came,24
stock,24
qr,24
amd,24
course,24
youtube,24
please,24
oval,24
smooth,24
straight,24
consider,23
heavy,23
vs,23
per,23
cant,23
provide,23
aluminum,23
moment,23
nm,23
windows,23
live,23
suggest,23
season,23
glad,23
skills,23
sprints,23
g2,23
belt,23
irating,23
job,22
competitive,22
unfortunately,22
g920,22
asking,22
grip,22
handle,22
truck,22
research,22
slow,22
tv,22
within,22
community,22
rest,22
equipment,22
30,22
added,22
totally,22
hour,22
fit,22
answer,22
somewhere,22
psu,22
limited,22
index,22
looked,22
general,22
microcenter,22
worry,21
outside,21
hate,21
ton,21
angle,21
size,21
bucks,21
luck,21
considering,21
uses,21
figure,21
desktop,21
info,21
144hz,21
ask,21
60,21
fuck,21
rim,21
terms,21
reddit,21
tight,21
4090,21
card,21
depends,21
anyone,21
slide,21
past,21
weight,21
adjust,21
entry,21
toilet,21
degrees,20
endurance,20
decided,20
cut,20
overall,20
laptop,20
view,20
month,20
multiplayer,20
happen,20
says,20
cause,20
selling,20
videos,20
mate,20
ready,20
person,20
project,20
steam,20
otherwise,20
bunch,20
custom,20
mini,20
harder,20
gran,20
turismo,20
bass,20
decide,20
max,20
seriously,20
learned,20
situation,20
called,20
quick,20
interesting,20
20,20
worked,20
test,20
reading,20
perfectly,20
r5,20
sold,20
inside,20
raced,19
list,19
crazy,19
gif,19
tho,19
gave,19
supposed,19
separate,19
position,19
average,19
anyway,19
sub,19
ended,19
moving,19
words,19
needs,19
changes,19
x,19
store,19
500,19
shift,19
comments,19
joke,19
immediately,19
often,19
board,19
sweet,19
50,19
simply,19
ultimates,19
abs,19
correct,19
spring,19
mod,18
blast,18
expect,18
must,18
become,18
fan,18
mx5,18
information,18
clear,18
app,18
watch,18
mclaren,18
loadcell,18
choose,18
gives,18
release,18
large,18
specs,18
c,18
normal,18
ya,18
immersion,18
designed,18
h,18
input,18
spot,18
pushing,18
rate,18
assume,18
bottom,18
response,18
absolute,18
knowing,18
pick,18
directly,18
brain,18
fully,18
splits,18
competition,18
stages,18
marketing,18
allow,17
putting,17
racers,17
prices,17
basic,17
except,17
lines,17
lack,17
missing,17
table,17
development,17
user,17
helps,17
connected,17
friends,17
2k,17
depending,17
via,17
ive,17
win,17
license,17
micro,17
local,17
90,17
nvidia,17
telling,17
step,17
mounted,17
shakers,17
ram,17
biggest,17
send,17
gotten,17
improve,17
regret,17
forte,17
elo,17
lots,16
forget,16
offer,16
12,16
fair,16
rookie,16
afford,16
shaft,16
setups,16
drifting,16
appreciate,16
curious,16
original,16
formula,16
elite,16
strong,16
beyond,16
total,16
multiple,16
older,16
advantage,16
posts,16
hopefully,16
generally,16
driven,16
costs,16
finally,16
400,16
avoid,16
dumb,16
setting,16
toy,16
twice,16
ta,16
companies,16
corners,16
access,15
ultra,15
obviously,15
massive,15
subscription,15
current,15
complete,15
eye,15
update,15
wan,15
towards,15
type,15
didnt,15
worried,15
highly,15
playseat,15
happens,15
slowly,15
serious,15
consistent,15
sort,15
business,15
wireless,15
idk,15
lucky,15
hdmi,15
3d,15
floor,15
components,15
lets,15
motorsport,15
mention,15
modern,15
circuit,15
fastest,15
account,15
entire,15
refresh,15
safe,15
process,15
clamp,15
screw,15
7800x3d,15
points,15
picture,15
zero,15
rear,15
slower,15
assists,15
x200b,15
funny,15
tc,15
monza,15
honest,15
helped,15
alpha,15
wood,15
light,15
starts,14
fixed,14
wear,14
27,14
middle,14
oled,14
night,14
ill,14
apparently,14
difficult,14
wow,14
upgrading,14
reply,14
deck,14
anymore,14
teach,14
automobilista,14
personal,14
expected,14
fold,14
v2,14
challenge,14
session,14
manual,14
ass,14
moved,14
beginning,14
along,14
jump,14
insane,14
ps,14
living,14
player,14
7,14
fakespot,14
fake,14
brands,14
questions,14
launch,14
posted,14
aware,14
wich,14
doubt,14
pixels,14
minimum,14
asked,14
pace,14
switched,14
wife,14
knew,14
class,14
focus,14
popular,14
beamng,14
nordschleife,14
compare,14
channel,14
although,14
150,14
turns,14
cup,14
website,14
fiber,14
compatibility,14
review,14
flat,14
non,14
waste,14
story,14
hoping,14
bases,14
traffic,14
watching,14
interface,14
style,14
nlr,14
friend,14
major,14
smart,14
given,14
additional,13
15,13
seeing,13
reality,13
extension,13
ebay,13
bet,13
ps4,13
fantastic,13
worst,13
runs,13
street,13
shitty,13
annoying,13
nearly,13
reach,13
flex,13
hold,13
smaller,13
sitting,13
planning,13
flight,13
correctly,13
poor,13
feet,13
4080,13
friday,13
powered,13
standard,13
taken,13
specific,13
return,13
beat,13
turned,13
ability,13
across,13
5800x3d,13
knows,13
hands,13
deleted,13
cards,13
comparison,13
sent,13
happened,13
welcome,13
details,13
samsung,13
ahead,13
48,13
chance,13
leave,13
certain,13
changing,13
switches,13
layout,13
properly,13
muscle,13
experienced,13
including,13
official,13
imsa,13
ur,13
target,13
face,13
pass,13
adjustments,13
certainly,13
sucking,13
650,13
dr2,13
lose,12
materials,12
inch,12
slightly,12
numbers,12
bring,12
frames,12
tiny,12
sucks,12
balance,12
enjoyable,12
eyes,12
hole,12
catch,12
telemetry,12
tools,12
early,12
installed,12
house,12
term,12
computers,12
regular,12
mouse,12
smoother,12
considered,12
newer,12
pc2,12
barely,12
letter,12
weekend,12
1000,12
assuming,12
league,12
metal,12
hz,12
80,12
technology,12
virtual,12
several,12
loose,12
supply,12
party,12
active,12
lost,12
pack,12
ovals,12
kept,12
three,12
changed,12
crash,12
pit,12
whether,12
drag,12
call,12
willing,12
extremely,12
tbh,12
picked,12
grass,12
mainly,12
peripherals,12
ecosystem,12
following,12
tb,12
sessions,12
speak,12
shows,12
features,12
awful,12
ir,12
known,12
develop,12
panels,12
clubsport,12
public,12
projector,12
tk,12
sr,12
effect,11
crap,11
weird,11
clearly,11
limits,11
titles,11
charge,11
forward,11
drop,11
alternative,11
plug,11
effort,11
minutes,11
handling,11
chassis,11
loved,11
stopped,11
70,11
analysis,11
kids,11
displayport,11
journey,11
problems,11
connect,11
saved,11
diy,11
home,11
dream,11
round,11
paddles,11
title,11
sequential,11
useful,11
wants,11
meant,11
search,11
tx,11
4070,11
equivalent,11
realism,11
common,11
fits,11
matters,11
t300rs,11
ultimate,11
doesnt,11
r9,11
neo,11
apex,11
finish,11
mistakes,11
loss,11
crashing,11
treat,11
breaking,11
knowledge,11
essentially,11
replica,11
sit,11
porsche,11
red,11
rain,11
podium,11
wise,11
heusinkveld,11
invicta,11
tire,11
reset,11
spin,11
till,11
spec,11
giving,11
3rd,11
sickness,11
connection,11
unit,11
none,11
raceroom,11
despite,11
24,11
events,11
pros,11
55,11
t150,11
tons,10
bmw,10
folks,10
adjustable,10
shell,10
paying,10
hobbies,10
42,10
gt4,10
models,10
suggestion,10
incredible,10
nope,10
surprised,10
apart,10
notice,10
direction,10
f,10
t248,10
rock,10
reasons,10
consistently,10
key,10
p1x,10
route,10
history,10
stream,10
xl,10
losing,10
immersive,10
psvr2,10
speakers,10
cube,10
double,10
pattern,10
opposite,10
kid,10
engineers,10
google,10
struggle,10
piece,10
60fps,10
deliver,10
wasting,10
understanding,10
topic,10
tend,10
late,10
rubber,10
memory,10
powerful,10
leagues,10
begin,10
throw,10
removed,10
40,10
talk,10
mounting,10
mistake,10
seconds,10
benefit,10
guides,10
flying,10
bar,10
qualifying,10
install,10
thread,10
wanting,10
comparable,10
lmp2,10
gen,10
holy,10
sturdy,10
brother,10
cad,10
anywhere,10
word,10
inputs,10
oversteer,10
guessing,10
kill,10
wasted,10
stable,10
gears,10
device,10
relatively,10
orders,10
curve,10
school,10
adds,10
0,10
edge,10
share,10
adapter,10
uk,10
ea,10
possibly,10
units,10
headphones,10
error,9
hot,9
comfort,9
necessarily,9
pain,9
block,9
34,9
priced,9
various,9
dlc,9
mid,9
incredibly,9
god,9
situations,9
delay,9
gap,9
finding,9
forgiving,9
attention,9
spinning,9
hitting,9
cheers,9
sliding,9
name,9
manage,9
stands,9
simulators,9
screws,9
tray,9
young,9
machine,9
swap,9
daily,9
cables,9
fairly,9
75,9
mess,9
arcade,9
purchase,9
switching,9
b,9
aluminium,9
auto,9
shifters,9
canada,9
color,9
knob,9
displays,9
rates,9
increase,9
upgrades,9
identical,9
touch,9
suppose,9
cam,9
meta,9
reverb,9
tool,9
yep,9
initial,9
locked,9
soft,9
conditions,9
nrg,9
fall,9
remove,9
yesterday,9
snap,9
hahaha,9
legends,9
realize,9
approach,9
traction,9
nurburgring,9
disappointed,9
yea,9
cry,9
excellent,9
adjustability,9
travel,9
elastomers,9
stuttering,9
stuck,9
g923,9
paint,9
shop,9
elastomer,9
imho,9
tech,9
trail,9
solution,9
risk,9
useless,9
source,9
silly,9
300,9
told,9
grips,9
drift,9
players,9
roof,9
output,9
bother,9
simlab,9
noisy,9
rfactor,9
smth,9
mike,9
respond,9
complex,9
bolts,9
competitors,9
sales,9
k,9
processing,9
email,9
gimmick,9
keeps,8
seats,8
panel,8
casual,8
entirely,8
usd,8
constantly,8
variety,8
shitting,8
somehow,8
self,8
helpful,8
height,8
length,8
seller,8
function,8
surface,8
require,8
demo,8
training,8
figured,8
checking,8
improved,8
pics,8
beautiful,8
boost,8
pulled,8
lg,8
primarily,8
graphical,8
alright,8
latest,8
necessary,8
rtx,8
specifically,8
touched,8
anyways,8
indeed,8
tier,8
material,8
g27,8
engineering,8
favorite,8
types,8
bot,8
grade,8
omega,8
green,8
alone,8
warranty,8
allows,8
watched,8
site,8
updated,8
qr1,8
press,8
60hz,8
proof,8
bottleneck,8
grab,8
besides,8
instructions,8
event,8
affect,8
120,8
achieve,8
potential,8
lmao,8
okay,8
apply,8
detail,8
subreddit,8
include,8
supported,8
decently,8
motherboard,8
7800xt,8
discord,8
group,8
difficulty,8
according,8
devices,8
note,8
contact,8
idiot,8
placed,8
tyre,8
platform,8
drove,8
audi,8
g9,8
showing,8
comparing,8
improvements,8
ish,8
terrible,8
drives,8
lane,8
rule,8
alot,8
shame,8
holding,8
safely,8
regardless,8
id,8
dual,8
supports,8
ports,8
human,8
storage,8
impressed,8
tested,8
starter,8
vnm,8
preferred,8
factor,8
adding,8
special,8
q2,8
prime,8
capable,8
edition,8
initially,8
family,8
requires,8
avoided,8
sick,8
marketplace,8
shipped,8
stronger,8
tough,8
ship,8
area,8
wonder,8
results,8
accident,8
patience,8
buttkicker,8
enjoying,8
ruin,8
liking,8
sells,8
dead,8
random,8
american,8
ditch,8
invest,8
fancy,8
dangerous,8
cross,8
testing,8
holes,8
backed,8
transfer,8
complaints,8
roads,8
involved,8
shape,8
expecting,8
volume,8
industry,8
toys,8
concern,8
spa,8
congrats,8
stats,8
wired,8
air,7
significantly,7
vehicle,7
curved,7
va,7
phone,7
aspect,7
mad,7
becomes,7
realized,7
streaming,7
released,7
simulate,7
dollar,7
rf2,7
uprights,7
modded,7
wreckfest,7
emulator,7
majority,7
electronics,7
pieces,7
forgot,7
eh,7
frustrating,7
vertical,7
basement,7
i7,7
decision,7
onto,7
included,7
thx,7
accurate,7
1440,7
freesync,7
trip,7
intend,7
standing,7
grand,7
lift,7
explain,7
somebody,7
qr2,7
eu,7
whilst,7
preference,7
144,7
reference,7
drops,7
res,7
typically,7
significant,7
improvement,7
create,7
removing,7
noticed,7
grease,7
regularly,7
grid,7
2023,7
heavily,7
epic,7
download,7
page,7
fuel,7
premium,7
lowest,7
playstation,7
deep,7
opportunity,7
roll,7
shaker,7
sport,7
improving,7
happening,7
expectations,7
sucked,7
semi,7
replace,7
follow,7
practicing,7
dip,7
chose,7
noise,7
cf,7
hydraulic,7
simtrecs,7
rumble,7
native,7
liked,7
brought,7
yup,7
technical,7
def,7
af,7
rigmetal,7
attached,7
steer,7
minute,7
theres,7
shifting,7
enter,7
systems,7
hp,7
demanding,7
levels,7
medium,7
1k,7
3070,7
larger,7
field,7
mounts,7
cheapest,7
form,7
excuse,7
nascar,7
gsi,7
excited,7
happier,7
hi,7
inches,7
places,7
dated,7
dump,7
trak,7
garage,7
final,7
250,7
garbage,7
snow,7
hop,7
previous,7
gamer,7
detailed,7
1500,7
ugly,7
addition,7
simjacks,7
foot,7
180,7
distance,7
dash,7
module,7
slides,7
third,7
confirm,7
motors,7
strength,7
saving,7
state,7
rip,7
nature,7
somewhat,7
loads,7
stiff,7
togue,7
z,7
recent,7
asr,7
computing,7
customers,7
dropping,6
winter,6
period,6
dropped,6
8020,6
pull,6
bucket,6
pads,6
noticeable,6
discount,6
pricing,6
daytona,6
insanely,6
tag,6
offline,6
ring,6
gamers,6
fill,6
monthly,6
tmx,6
inconsistent,6
experiencing,6
vision,6
wheelbases,6
perhaps,6
fire,6
progression,6
maximize,6
trust,6
shock,6
ten,6
enjoyment,6
rid,6
advanced,6
bang,6
buck,6
ease,6
impossible,6
translate,6
refund,6
hurt,6
foldable,6
9,6
2024,6
tempted,6
cover,6
recommended,6
users,6
forever,6
slider,6
items,6
spare,6
justify,6
comfy,6
causing,6
sharing,6
nowhere,6
e,6
2nd,6
ah,6
wire,6
23,6
skip,6
adjusted,6
paddle,6
accessories,6
bundles,6
unlike,6
gt1,6
pointing,6
cash,6
fb,6
engineer,6
aliexpress,6
vram,6
maxed,6
instantly,6
incorrect,6
technically,6
visual,6
clarity,6
increasing,6
false,6
acceptable,6
3x,6
cares,6
program,6
threads,6
springs,6
argue,6
carry,6
bump,6
join,6
positive,6
rookies,6
maximum,6
competizione,6
worries,6
seemed,6
nobody,6
disagree,6
bracket,6
whats,6
btw,6
atm,6
water,6
builds,6
vibrations,6
tonight,6
wreck,6
pressure,6
finishing,6
exit,6
basics,6
cornering,6
assist,6
circuits,6
goal,6
wont,6
hardcore,6
hatch,6
record,6
consistency,6
obvious,6
rotation,6
plugged,6
controlled,6
recaro,6
copy,6
2000,6
nah,6
mark,6
accessible,6
adjusting,6
usable,6
loud,6
slip,6
temps,6
investment,6
2013,6
missed,6
oculus,6
sir,6
consumer,6
vive,6
hits,6
posting,6
aim,6
p,6
fault,6
particular,6
minor,6
quicker,6
write,6
peak,6
replaced,6
father,6
led,6
gas,6
tall,6
band,6
package,6
rims,6
invested,6
battery,6
router,6
ran,6
regarding,6
standards,6
requirements,6
finished,6
wooden,6
95,6
miss,6
received,6
morning,6
weather,6
replacement,6
intended,6
paper,6
socks,6
delivery,6
satisfying,6
interest,6
resell,6
boring,6
disconnected,6
busy,6
qualify,6
solo,6
everybody,6
buyers,6
door,6
10k,6
adapters,6
exists,6
bezel,6
vibration,6
baseplate,6
tlcm,6
uncomfortable,6
degree,6
burn,6
boxes,6
experiences,6
cs,6
parking,6
miata,6
thoughts,6
suspension,6
adjustment,6
heat,6
rwd,6
existed,6
skeptical,6
teams,6
mass,6
dashboard,6
removable,6
lowercase,6
ß,6
temperature,5
affected,5
click,5
report,5
isnt,5
summer,5
passenger,5
overpriced,5
hardly,5
ground,5
theyre,5
euro,5
movie,5
superior,5
recommendation,5
raise,5
hotlap,5
tinkering,5
grow,5
mazda,5
recommendations,5
wheelstand,5
folding,5
reinforcement,5
gotcha,5
16gb,5
horizon,5
lenovo,5
dcs,5
individual,5
thumb,5
section,5
rich,5
server,5
office,5
ultrawide,5
32gb,5
ddr4,5
ssd,5
bedroom,5
became,5
latency,5
simrig,5
scenario,5
progress,5
vevor,5
notes,5
platforms,5
becoming,5
versatile,5
bind,5
historic,5
accept,5
fanatecs,5
tape,5
movement,5
maintain,5
equal,5
kick,5
ryzen,5
ips,5
3080,5
4060,5
1080,5
gsync,5
match,5
90fps,5
90hz,5
pump,5
resolutions,5
strongly,5
opinions,5
lmfao,5
dealing,5
conversation,5
purely,5
practically,5
yt,5
mixed,5
strip,5
steal,5
centre,5
am5,5
configuration,5
message,5
europe,5
advise,5
management,5
attack,5
stored,5
trophy,5
four,5
whenever,5
bolted,5
shown,5
delete,5
collection,5
pure,5
colors,5
forces,5
shaped,5
map,5
am4,5
4070ti,5
ddr5,5
lately,5
perspective,5
wondering,5
explore,5
prevent,5
recover,5
reaction,5
idiots,5
easiest,5
detect,5
cutting,5
beginner,5
reasonably,5
plane,5
land,5
stunt,5
49,5
impact,5
surround,5
sets,5
required,5
t1,5
rough,5
mix,5
professional,5
soooo,5
poorly,5
respect,5
alive,5
gf,5
scale,5
lc,5
lock,5
tomorrow,5
ddu,5
clunky,5
boss,5
damage,5
ice,5
dope,5
catching,5
heaven,5
crack,5
bits,5
12nm,5
pimax,5
lab,5
retail,5
purchasing,5
filled,5
task,5
combos,5
walk,5
jumping,5
feature,5
decade,5
insight,5
volvo,5
death,5
hood,5
120fps,5
blow,5
920,5
hrs,5
plates,5
audio,5
universal,5
aside,5
definition,5
country,5
magnetic,5
connector,5
aero,5
rails,5
effects,5
enjoyed,5
uh,5
shitter,5
photos,5
truly,5
returns,5
ordering,5
xd,5
p1,5
lvl,5
asphalt,5
someday,5
tldr,5
rabbit,5
joy,5
mediocre,5
rules,5
forgotten,5
stage,5
crashes,5
casters,5
meet,5
growing,5
studio,5
lives,5
lead,5
gift,5
sign,5
noted,5
waited,5
unique,5
simjack,5
horizontal,5
35,5
ignore,5
shifts,5
bolt,5
confused,5
tells,5
beast,5
combination,5
trick,5
peripheral,5
amateur,5
counter,5
wet,5
grew,5
unknown,5
irresponsible,5
explanation,5
downvoted,5
axis,5
touge,5
takeovers,5
functional,5
exclusively,5
argument,5
openxr,5
answering,5
tm,5
promise,5
perform,5
simulation,5
reasonable,5
produced,5
cnc,5
vpg,5
m4,5
fibre,5
mapping,5
sensors,5
knobs,5
youre,5
spacer,5
3nm,5
advertised,5
lcd,5
historical,5
mile,5
broken,5
fewer,5
schedule,5
la,5
prima,5
quattro,5
hairpin,5
marathi,5
fallacy,5
reviewers,4
warm,4
junk,4
junkyard,4
advantages,4
ratio,4
alternatives,4
trial,4
services,4
costly,4
vee,4
hearing,4
viewed,4
t128,4
solve,4
bitch,4
ffs,4
reputable,4
extensions,4
brackets,4
prepared,4
eat,4
bite,4
shut,4
vote,4
needing,4
category,4
suggestions,4
mindset,4
handles,4
affecting,4
weak,4
beer,4
downside,4
evo,4
window,4
pictures,4
rarely,4
secret,4
rod,4
upper,4
cases,4
niche,4
sliders,4
800,4
beam,4
sits,4
combo,4
ideal,4
luckily,4
provided,4
hooked,4
r12,4
deliberately,4
dp,4
proud,4
tests,4
fields,4
multi,4
msfs,4
99,4
network,4
signal,4
functions,4
afraid,4
knockoff,4
notch,4
consoles,4
monster,4
indy,4
unreliable,4
msi,4
ratings,4
links,4
deals,4
eg,4
prototypes,4
ebrake,4
pxn,4
wonderful,4
drivehub,4
trash,4
purpose,4
aswell,4
benefits,4
rotate,4
keys,4
165hz,4
sentence,4
usage,4
headroom,4
logic,4
statement,4
width,4
meshes,4
calls,4
dudes,4
fidelity,4
boosted,4
media,4
tighten,4
collar,4
flush,4
strap,4
43,4
rift,4
efficient,4
forums,4
chat,4
tips,4
rare,4
valve,4
accounts,4
enable,4
secure,4
uninstall,4
allowed,4
programs,4
13,4
servers,4
huh,4
satisfied,4
americans,4
fitting,4
tired,4
dumbass,4
heart,4
club,4
genius,4
verstappen,4
simcade,4
shot,4
visually,4
kart,4
surely,4
secrets,4
predictable,4
purchased,4
stress,4
chip,4
x3d,4
socket,4
chips,4
25,4
1600,4
dollars,4
forum,4
fail,4
slick,4
originally,4
static,4
sudden,4
groups,4
strategy,4
letting,4
winning,4
picking,4
taught,4
increased,4
naturally,4
focused,4
puts,4
dog,4
fly,4
drones,4
vastly,4
realise,4
24h,4
arm,4
controllers,4
listed,4
port,4
million,4
randomly,4
relearn,4
answered,4
trouble,4
invictas,4
nicer,4
gtr,4
haptic,4
p2000,4
frequently,4
disable,4
commit,4
refurbished,4
spread,4
populated,4
hpd,4
ready2race,4
book,4
speaking,4
2016,4
address,4
referring,4
abit,4
q3,4
subs,4
em,4
forth,4
logi,4
nicely,4
preload,4
fomo,4
convinced,4
differences,4
pad,4
hahahaha,4
written,4
pop,4
deer,4
awareness,4
slam,4
buddy,4
straights,4
designs,4
collecting,4
mobile,4
licensing,4
jumped,4
complaining,4
pcvr,4
joystick,4
100fps,4
limitations,4
gtx,4
slight,4
pre,4
sourced,4
likes,4
tweaking,4
radeon,4
odyssey,4
admit,4
text,4
bonus,4
tearing,4
loving,4
wobble,4
attach,4
meaning,4
quiet,4
handy,4
printed,4
printer,4
extreme,4
request,4
momo,4
delivered,4
acceleration,4
profiles,4
bored,4
maglink,4
ups,4
spares,4
date,4
default,4
reputation,4
lacking,4
laser,4
menu,4
sharp,4
cake,4
continue,4
wherever,4
discovered,4
lid,4
pissed,4
hilarious,4
laugh,4
earlier,4
warehouse,4
l,4
boy,4
rush,4
stops,4
bout,4
afaik,4
throwing,4
breaks,4
relegated,4
18,4
suddenly,4
entering,4
radio,4
simhub,4
bay,4
secondhand,4
rewarding,4
typical,4
pointed,4
nearby,4
genuinely,4
stated,4
dust,4
natural,4
14,4
toxic,4
modes,4
championship,4
massively,4
asseto,4
etiquette,4
plain,4
nfs,4
stores,4
beating,4
g25,4
chicago,4
confident,4
music,4
demographic,4
stereo,4
v3s,4
sheet,4
asus,4
blue,4
mechanism,4
downshift,4
sunday,4
2020,4
ear,4
path,4
bushings,4
assembly,4
shorter,4
painful,4
broke,4
120hz,4
ghosting,4
arms,4
footage,4
dot,4
rtx4090,4
upset,4
sides,4
suitable,4
machines,4
invert,4
12v,4
dc,4
arduino,4
ensure,4
versions,4
manager,4
quid,4
ahh,4
arrive,4
pulling,4
ride,4
mega,4
freedom,4
commercial,4
generic,4
sometime,4
bald,4
negative,4
sending,4
underestimate,4
advance,4
developed,4
master,4
lesson,4
instructor,4
karting,4
spirited,4
owner,4
versus,4
aggressively,4
remotely,4
fwiw,4
recognize,4
therefore,4
accepted,4
vids,4
hes,4
hmd,4
wearing,4
crystal,4
positions,4
relaxed,4
horsepower,4
limiting,4
psvr1,4
angry,4
responded,4
guide,4
salt,4
slipping,4
hotas,4
protocols,4
functionality,4
demand,4
indycar,4
manufacturing,4
answers,4
reduce,4
fia,4
computation,4
resemblance,4
diameter,4
amalgam,4
shells,4
related,4
developer,4
gloves,4
failure,4
body,4
defining,4
audience,4
refuse,4
developers,4
purchases,4
arguably,4
bothered,4
bigscreen,4
regards,4
european,4
tickets,4
brushed,4
guests,4
america,4
pillar,4
farming,4
manuals,4
tourists,4
filters,4
elsewhere,4
membership,4
familiar,4
tspc,4
stanceworks,4
coolest,4
gte,4
status,4
exist,4
quali,4
400ir,4
alcantara,4
tilt,4
trophies,4
æ,4
hindi,4
stays,3
depend,3
modification,3
wrecked,3
manufacturers,3
lumbar,3
gambling,3
foam,3
smearing,3
smoothness,3
rank,3
earth,3
competitively,3
code,3
checked,3
participation,3
income,3
tbf,3
insert,3
sad,3
wallet,3
esports,3
11,3
essential,3
hmm,3
firm,3
classes,3
freaking,3
vesa,3
taller,3
leaderboards,3
companion,3
embrace,3
confidence,3
offers,3
miserable,3
addictive,3
favourite,3
lapping,3
troubleshoot,3
determine,3
shoes,3
legit,3
sleeping,3
pic,3
fgt,3
flexing,3
unscrew,3
english,3
normally,3
straps,3
underneath,3
maintaining,3
gone,3
digital,3
pockets,3
crowd,3
traditional,3
hobbyist,3
cockpits,3
slanted,3
inclined,3
yall,3
upstairs,3
3060,3
concerned,3
macbook,3
couch,3
2080s,3
brainer,3
parents,3
transducers,3
rx,3
xt,3
releases,3
projects,3
5600x,3
permanent,3
count,3
intent,3
stayed,3
speaker,3
pov,3
files,3
sellers,3
hdr,3
performed,3
policies,3
hide,3
warn,3
trusted,3
atleast,3
canadian,3
ect,3
art,3
considerably,3
alley,3
analog,3
method,3
progressive,3
badass,3
5000,3
wrote,3
rallying,3
shh,3
row,3
th8a,3
hassle,3
tip,3
shortly,3
twisting,3
240hz,3
sync,3
i5,3
claimed,3
vrr,3
frequency,3
sensor,3
uninformed,3
anytime,3
informed,3
apologize,3
remain,3
ballpark,3
reduction,3
render,3
dick,3
framerate,3
tripples,3
instances,3
draw,3
scene,3
white,3
dave,3
beside,3
unusual,3
gently,3
wires,3
warning,3
backing,3
destroy,3
upscaling,3
voice,3
lobbies,3
breaker,3
modding,3
scans,3
brilliant,3
acting,3
traces,3
packs,3
gts,3
aforementioned,3
closest,3
rotating,3
flipping,3
swear,3
messing,3
inspiration,3
instructional,3
lining,3
leaving,3
chunk,3
criteria,3
csp,3
visuals,3
outstanding,3
graphic,3
mapped,3
competing,3
blows,3
pairs,3
releasing,3
closing,3
hundred,3
pickup,3
prebuilt,3
gb,3
opening,3
dell,3
bright,3
spots,3
desks,3
thicker,3
brick,3
keeping,3
hook,3
amp,3
jack,3
opened,3
incident,3
protest,3
flow,3
podiums,3
aggressive,3
priority,3
danger,3
gradually,3
metric,3
replies,3
driver61,3
silverstone,3
records,3
50k,3
authentic,3
mechanics,3
drill,3
practiced,3
habit,3
discover,3
granted,3
credit,3
ergotron,3
separated,3
memorise,3
speeds,3
intense,3
joking,3
reflected,3
nürburgring,3
sticks,3
norm,3
thousand,3
costing,3
gold,3
meca,3
simgrade,3
exception,3
activepedal,3
mecas,3
secured,3
dampers,3
deadzone,3
cooler,3
fresh,3
ranging,3
truth,3
janky,3
debating,3
news,3
february,3
hurts,3
lfe,3
choices,3
multiclass,3
gtp,3
coma,3
calculations,3
agreed,3
star,3
240,3
slippery,3
stopping,3
cv1,3
caught,3
asap,3
item,3
dear,3
chalk,3
scratches,3
performs,3
killer,3
bin,3
handled,3
lil,3
wild,3
scenarios,3
lie,3
extrusion,3
steel,3
paired,3
asr3,3
subscribe,3
strongest,3
hotlapping,3
pair,3
par,3
cap,3
equally,3
subtle,3
thankfully,3
neither,3
tought,3
admittedly,3
mountain,3
senses,3
drifted,3
transfers,3
accidents,3
gang,3
study,3
decisions,3
vary,3
theory,3
empty,3
mirrors,3
strange,3
dd1,3
sc2,3
plans,3
2070,3
modular,3
ideally,3
exposed,3
pins,3
standalone,3
passed,3
reliable,3
mph,3
simracers,3
optimal,3
lobby,3
euros,3
horse,3
7600,3
bare,3
6700xt,3
unlocked,3
1200,3
vast,3
electrical,3
optimised,3
cough,3
edited,3
80fps,3
consensus,3
cat,3
furniture,3
everywhere,3
badly,3
ets2,3
dig,3
vibrating,3
loop,3
print,3
magically,3
firmware,3
appreciated,3
portable,3
cammus,3
bag,3
tremendously,3
layouts,3
exhausting,3
ngl,3
underpopulated,3
ranking,3
nowadays,3
pressures,3
weekly,3
ranked,3
finger,3
character,3
overtaking,3
regard,3
bathroom,3
ridiculous,3
impressive,3
packed,3
girlfriend,3
da,3
attempt,3
giant,3
fucked,3
rep,3
listing,3
food,3
youll,3
usa,3
sleep,3
mechanical,3
git,3
gud,3
rated,3
gameplay,3
changer,3
miles,3
noob,3
avoiding,3
scared,3
pool,3
sooo,3
2x,3
clue,3
ropes,3
talent,3
dialled,3
wtf,3
technique,3
upside,3
absurd,3
pole,3
lastly,3
6th,3
cuz,3
shine,3
occasionally,3
maker,3
hourly,3
ii,3
fear,3
ways,3
sooner,3
caution,3
patch,3
remorse,3
dive,3
skilled,3
six,3
buyer,3
manufacturer,3
backwards,3
banging,3
roughly,3
diminishing,3
savings,3
adapt,3
span,3
reminder,3
449,3
399,3
stating,3
biased,3
notchy,3
clutches,3
sprint,3
heavier,3
ruins,3
racking,3
entered,3
flawlessly,3
replacing,3
gripe,3
heel,3
faces,3
surprising,3
bothers,3
deg,3
grain,3
sizes,3
calculator,3
acura,3
bud,3
acer,3
qled,3
bill,3
legs,3
integrated,3
occasional,3
lists,3
discussion,3
offering,3
eur,3
designing,3
planks,3
modified,3
recliner,3
benchmarks,3
planned,3
encouraging,3
recognized,3
srm,3
steps,3
voltage,3
simracer,3
yo,3
pits,3
pricey,3
operation,3
compete,3
destination,3
ms,3
meanwhile,3
haptics,3
intuitive,3
lag,3
jail,3
smile,3
downgrade,3
suburban,3
instinct,3
101,3
doc,3
corrected,3
thru,3
butt,3
sideways,3
instinctively,3
appreciation,3
behaviour,3
bs,3
downvote,3
pants,3
licence,3
occur,3
fr,3
overlap,3
girl,3
dad,3
iron,3
virtually,3
sorted,3
particularly,3
progressively,3
ramp,3
ultimately,3
cops,3
bravo,3
reckless,3
gained,3
bumps,3
speeding,3
grown,3
impatient,3
sensible,3
city,3
yellow,3
helmet,3
downsides,3
beats,3
objects,3
uw,3
reached,3
distant,3
blip,3
le,3
soo,3
unlikely,3
repair,3
relevant,3
police,3
transmit,3
jumps,3
qc,3
brace,3
tuning,3
kits,3
r3,3
cruise,3
relax,3
physical,3
physically,3
fingers,3
immerse,3
20mm,3
deluxe,3
mans,3
effectively,3
rotary,3
bull,3
measure,3
production,3
construction,3
cfrp,3
arguing,3
modules,3
discussing,3
meeting,3
proprietary,3
100k,3
concept,3
talks,3
8k,3
leather,3
inspired,3
rotaries,3
pointless,3
vehicles,3
concerns,3
internals,3
laid,3
cooling,3
aspects,3
writing,3
child,3
basis,3
prove,3
capability,3
replicate,3
lights,3
burning,3
profit,3
cancelled,3
simplistic,3
reflection,3
understatement,3
science,3
servo,3
electric,3
barry,3
turtlebeach,3
chatgpt,3
hired,3
irrelevant,3
blah,3
targeting,3
fighting,3
hid,3
shed,3
manufacture,3
shopping,3
selective,3
outputs,3
prix,3
horrible,3
menus,3
ue,3
locations,3
accomplishment,3
reward,3
lazy,3
valid,3
aaa,3
complaint,3
pin,3
separately,3
xmas,3
360,3
vjoy,3
fellow,3
racehub,3
r2,3
rev,3
fs,3
swapping,3
tedious,3
stability,3
trailer,3
88,3
tyres,3
legacy,3
delayed,3
involve,3
texas,3
laprima,3
sacrifice,3
aiming,3
w,3
ti,3
operating,3
samir,3
kswap,3
dreams,3
992,3
hat,3
aids,3
720s,3
appeal,3
discounts,3
filter,3
providing,3
gearbox,3
reps,3
receive,3
highest,3
states,3
cuts,3
screwed,3
congratulations,3
availability,3
झ,3
avus,3
j,3
cursive,3
jha,3
housing,3
unmatched,3
gimmicks,3
appears,3
enthusiast,3
conditioner,2
inexpensive,2
2019,2
pillow,2
modify,2
padding,2
suit,2
aoc,2
ans,2
brightness,2
currys,2
similarly,2
cheat,2
lmp1,2
inclusion,2
ops,2
equates,2
dirty,2
noises,2
ofc,2
streamer,2
min,2
upwards,2
thrill,2
nonsense,2
sol,2
cm,2
minimal,2
handful,2
wrap,2
punishing,2
satisfaction,2
shall,2
worlds,2
weirdly,2
standpoint,2
photo,2
sink,2
engaging,2
simcades,2
realizing,2
restart,2
lying,2
ego,2
disliked,2
drug,2
hooking,2
thr,2
habits,2
notches,2
sized,2
shakes,2
wishes,2
weights,2
toss,2
shaking,2
curbs,2
pause,2
regrets,2
leg,2
stabilized,2
widescreen,2
legion,2
chosen,2
hosted,2
sourcing,2
sports,2
omg,2
alpine,2
columns,2
slant,2
swing,2
rooms,2
resides,2
studying,2
modest,2
10600k,2
linux,2
chilling,2
bc,2
27s,2
6950,2
ios,2
tether,2
outlet,2
leading,2
cords,2
hubs,2
stairs,2
downstairs,2
gunna,2
splurge,2
steamdeck,2
secondary,2
connects,2
dunno,2
quit,2
pcs,2
exclusive,2
genre,2
realistically,2
success,2
swapped,2
commend,2
joker,2
poster,2
younger,2
optical,2
unlock,2
flaws,2
unrelated,2
pops,2
transforms,2
ideas,2
detects,2
uwqhd,2
chrome,2
analyzes,2
authenticity,2
counterfeits,2
defects,2
consumers,2
trustworthiness,2
trustworthy,2
untrustworthy,2
litterly,2
linked,2
sadly,2
heading,2
friendly,2
wouldnt,2
alongside,2
upshift,2
fashioned,2
disconnect,2
handbrakes,2
convertor,2
toggle,2
xac,2
insult,2
gate,2
funniest,2
taste,2
20nm,2
150kg,2
jimmies,2
saves,2
newt2,2
clicking,2
tolerance,2
occasions,2
subreddits,2
gripes,2
lever,2
rotated,2
twist,2
timeframe,2
independent,2
taxing,2
generate,2
values,2
affects,2
pumping,2
approximately,2
3600,2
sampling,2
documentation,2
decreases,2
hack,2
implying,2
misleading,2
workload,2
slowing,2
context,2
shade,2
sony,2
loudest,2
5800x,2
3080ti,2
forced,2
timeline,2
tutorials,2
generated,2
cameras,2
screwing,2
worn,2
careful,2
lightly,2
tightening,2
abuse,2
risks,2
wiggle,2
deeper,2
squeaking,2
textures,2
pleasant,2
bumping,2
l3,2
cache,2
skimp,2
wattage,2
overhead,2
850,2
region,2
joining,2
clips,2
couldnt,2
racingsim,2
spike,2
tursimo,2
t818,2
sparco,2
hbp,2
trophyai,2
virus,2
signed,2
password,2
authentication,2
gain,2
existing,2
file,2
hoped,2
preferably,2
offset,2
neat,2
gr86,2
cadillac,2
ff1600,2
valuable,2
hyper,2
pub,2
seasons,2
dozens,2
taps,2
hammer,2
sooooo,2
dining,2
searching,2
among,2
bank,2
translated,2
novice,2
interpretation,2
gorgeous,2
lighting,2
shadows,2
lowkey,2
couldve,2
expert,2
dialed,2
unforgiving,2
classic,2
ships,2
mexico,2
encoder,2
commands,2
blinking,2
tdp,2
7950,2
7800,2
7900,2
xtx,2
lows,2
possibilities,2
motherboards,2
powerspec,2
indianapolis,2
3440x1440,2
surprisingly,2
suited,2
heads,2
spacers,2
thinner,2
award,2
compact,2
zip,2
tighter,2
clever,2
headphone,2
45,2
motorcycles,2
reflexes,2
racecraft,2
incremental,2
leads,2
aliens,2
intentionally,2
differently,2
opt,2
haikusbot,2
explains,2
frustration,2
overdriving,2
upon,2
military,2
threshold,2
craft,2
barber,2
unlearn,2
1970s,2
unrealistic,2
destroying,2
apparent,2
zombie,2
grinding,2
fpv,2
laptimes,2
activate,2
listening,2
battlefield,2
mechanic,2
ford,2
undermine,2
abilities,2
formation,2
compareable,2
discouraged,2
replaces,2
automatically,2
8m,2
keyboards,2
mice,2
distances,2
ergonomic,2
1x,2
4th,2
sees,2
extended,2
wifi,2
remembering,2
downloading,2
memorized,2
blur,2
memorize,2
pedantic,2
prepare,2
919,2
rent,2
rented,2
turbo,2
yelled,2
elevation,2
comprehend,2
certification,2
smartest,2
7000,2
18nm,2
16,2
owned,2
solutions,2
bells,2
whistles,2
600,2
compressed,2
fence,2
hydraulics,2
distributors,2
showcase,2
ye,2
largest,2
longevity,2
excessively,2
smoothly,2
throttling,2
afterburner,2
stutters,2
overloaded,2
xmp,2
enabled,2
possibility,2
confusing,2
latencymon,2
64gb,2
disabled,2
stutter,2
displayed,2
pinned,2
intro,2
depth,2
magic,2
developing,2
reseller,2
deciding,2
busted,2
2010,2
fuji,2
covid,2
bloody,2
dk1,2
overhaul,2
exciting,2
thoroughly,2
750,2
gravel,2
age,2
dates,2
dm,2
outer,2
potentiometer,2
greased,2
factory,2
resistance,2
nut,2
cylinder,2
tries,2
boot,2
crashed,2
wipe,2
rigidity,2
tube,2
affordable,2
doable,2
tricky,2
2022,2
served,2
blind,2
overthinking,2
largely,2
tenths,2
honesty,2
disc,2
mainstream,2
itch,2
birthday,2
guilty,2
bouncy,2
nightmare,2
4am,2
precisely,2
whoa,2
goddamn,2
likelihood,2
stomach,2
laughing,2
tree,2
guardrail,2
spacial,2
highway,2
understeer,2
bothering,2
enthusiasts,2
accelerate,2
explained,2
engineeringexplained,2
transmissions,2
engines,2
involves,2
nuance,2
maximizing,2
sequences,2
exceptions,2
skipping,2
pressed,2
lottery,2
focusing,2
licensed,2
wider,2
workstation,2
odd,2
selection,2
mige,2
tuned,2
128gb,2
countries,2
256gb,2
128,2
sin,2
headstrap,2
bobovr,2
wifi6e,2
barrel,2
racetrack,2
pixel,2
200mph,2
dirt2,2
970,2
1070,2
rely,2
hd,2
assemble,2
i3,2
gtx1080,2
sufficient,2
12th,2
todays,2
realm,2
ancient,2
80s,2
compromising,2
bound,2
tweaked,2
replays,2
7800x,2
aimed,2
conclusion,2
replying,2
readable,2
recogniseable,2
shouldnt,2
bog,2
noticable,2
singleplayer,2
precise,2
customizable,2
applies,2
talked,2
showed,2
2x6,2
includes,2
creep,2
pleased,2
porn,2
15nm,2
offerings,2
sincere,2
simshop,2
seq,2
express,2
stretching,2
c5,2
hotel,2
streams,2
overtake,2
70mm,2
footprint,2
crossover,2
ng,2
8040,2
condition,2
london,2
r3e,2
lineup,2
meh,2
focussing,2
dtm,2
unfortunate,2
adaptive,2
scanning,2
praga,2
r1,2
bug,2
drs,2
tooth,2
deserve,2
downvoting,2
bidet,2
toto,2
n,2
shitbox,2
sec,2
brown,2
flair,2
coincidence,2
halfway,2
wym,2
garmin,2
proving,2
convenient,2
nextlevel,2
arriving,2
calling,2
curiosity,2
negatively,2
pun,2
offered,2
bell,2
indications,2
stapled,2
mouth,2
resolved,2
cleaning,2
chasing,2
5k,2
pm,2
mexican,2
savage,2
serve,2
assumed,2
buys,2
logitec,2
230,2
court,2
motivation,2
legally,2
seriousness,2
fight,2
rallycross,2
tracked,2
helping,2
dji,2
freestyle,2
blowing,2
graduated,2
asetto,2
humans,2
challenging,2
practising,2
clicks,2
opted,2
lessons,2
dial,2
battles,2
walls,2
chief,2
hated,2
steady,2
burned,2
fell,2
bus,2
1st,2
remaining,2
carnage,2
endless,2
cents,2
wayyyy,2
afterwards,2
straightforward,2
environment,2
booted,2
boat,2
tweak,2
tdu,2
funnier,2
fed,2
matching,2
tracking,2
lapped,2
listen,2
mental,2
fuckin,2
fortune,2
ac2,2
sc,2
ticket,2
kaemmer,2
160,2
five,2
5th,2
trees,2
chuck,2
spectrum,2
analyzing,2
houston,2
circles,2
emulate,2
officially,2
transmission,2
folds,2
sucky,2
culture,2
dlcs,2
kidding,2
expo,2
committing,2
town,2
lan,2
accustomed,2
passion,2
simcube,2
simmagic,2
zandvort,2
bentley,2
st,2
gtr2,2
brutal,2
international,2
bruh,2
heap,2
3k,2
die,2
waaay,2
understood,2
flowers,2
wasnt,2
hardest,2
metro,2
areas,2
dinner,2
wary,2
alu,2
plethora,2
opposed,2
honda,2
rebel,2
motorcycle,2
learner,2
460,2
cheaply,2
thrilled,2
devs,2
nay,2
lotus,2
woman,2
differ,2
seperate,2
exceed,2
ras,2
hooks,2
hung,2
blackout,2
strictly,2
hairpins,2
disappointing,2
alternatively,2
isolate,2
risers,2
anti,2
mat,2
v8,2
camping,2
louder,2
296,2
mustang,2
mins,2
nerve,2
p13,2
entrance,2
aceele,2
plugging,2
accounting,2
ghost,2
researched,2
provides,2
durability,2
hopes,2
pipe,2
elbows,2
tucked,2
nonetheless,2
holder,2
haas,2
44,2
angles,2
visible,2
oleds,2
comparatively,2
dark,2
importantly,2
viewing,2
image,2
cluster,2
camera,2
integra,2
sanded,2
bezels,2
whatnot,2
leaning,2
blocks,2
4ks,2
mentally,2
fyi,2
tvs,2
900,2
taxes,2
blanket,2
shelf,2
lay,2
hinges,2
welding,2
kicking,2
lens,2
thin,2
attachments,2
carrying,2
extrusions,2
plywood,2
cloth,2
cloud,2
locally,2
basing,2
inshareplus,2
multimeter,2
reads,2
loses,2
impress,2
abt,2
supposedly,2
cogs,2
belts,2
gamepass,2
religiously,2
challenges,2
rfactor2,2
subpar,2
adequate,2
shines,2
1650,2
spreading,2
experiment,2
arrives,2
accurately,2
110,2
passthrough,2
200mbps,2
instant,2
crp,2
hgp,2
v2p,2
wmr,2
executed,2
asr1,2
instagram,2
autocross,2
interstate,2
bounce,2
steered,2
innocent,2
transferred,2
humble,2
fairness,2
trains,2
debate,2
spends,2
correcting,2
slammed,2
swerved,2
ap1,2
spicy,2
belongs,2
learnt,2
afternoon,2
forwards,2
reel,2
described,2
snaps,2
dismisses,2
convey,2
drugs,2
addiction,2
functioning,2
circumstances,2
ignorance,2
oof,2
pretend,2
calmer,2
memories,2
spun,2
former,2
automatic,2
participated,2
instinctual,2
raised,2
oil,2
cheeks,2
safer,2
drifts,2
admitted,2
translates,2
winner,2
repercussions,2
onboard,2
margin,2
toe,2
baseline,2
improperly,2
pilots,2
bars,2
suvs,2
alternate,2
biking,2
messed,2
reactions,2
laws,2
behaviors,2
culprit,2
bullshit,2
resetting,2
forgetting,2
aftermarket,2
mr2,2
act,2
territory,2
icing,2
shocks,2
unable,2
e46,2
represent,2
bias,2
robot,2
hotter,2
fl,2
approaching,2
canyon,2
lived,2
blinded,2
excitement,2
inexperienced,2
responsible,2
childish,2
harness,2
ne,2
snowflake,2
spelled,2
dumbasses,2
australia,2
varjo,2
temporary,2
interact,2
m2,2
immensely,2
solves,2
3090,2
seating,2
reallife,2
incorrectly,2
primary,2
sweat,2
storm,2
triangles,2
toolkit,2
beefy,2
squeeze,2
silicone,2
select,2
openvr,2
returned,2
microsoft,2
midnight,2
xp,2
tab,2
stall,2
configure,2
german,2
pressing,2
configured,2
ultima,2
causes,2
manually,2
eagles,2
480,2
tgt2,2
reliability,2
resize,2
raccoon,2
incoming,2
nailed,2
hf8,2
kerbs,2
varying,2
bulk,2
499,2
snapped,2
flimsy,2
stellar,2
ripoff,2
arrived,2
conversion,2
ivry,2
placement,2
extend,2
etsy,2
carpet,2
angled,2
clamped,2
tcm,2
park,2
packing,2
portion,2
seek,2
relaxation,2
moments,2
mood,2
slowest,2
coach,2
tends,2
chill,2
underrated,2
fap,2
glory,2
hesi,2
relaxing,2
emotions,2
altered,2
gimble,2
dampening,2
replacements,2
frankly,2
launched,2
downloaded,2
era,2
college,2
transition,2
mappings,2
communicate,2
flip,2
regulations,2
expense,2
calibrated,2
approx,2
labor,2
skin,2
thick,2
switchgear,2
replicas,2
enthusiastic,2
cosworth,2
pcm,2
merc,2
iterations,2
withstand,2
processes,2
halves,2
prepreg,2
fabricate,2
sw,2
customised,2
thousands,2
produce,2
delicate,2
salaries,2
describe,2
hasnt,2
communicates,2
canbus,2
analogy,2
occurs,2
ex,2
failed,2
frustrated,2
scrolled,2
dramatically,2
throughout,2
processor,2
receives,2
transmitted,2
williams,2
hardened,2
io,2
advices,2
fixing,2
millions,2
aint,2
straw,2
pathetic,2
manipulating,2
communication,2
90s,2
drama,2
queens,2
displaying,2
facebook,2
component,2
antenna,2
raspberry,2
pi,2
toward,2
abbreviation,2
meets,2
created,2
claim,2
respecting,2
props,2
typing,2
toes,2
bots,2
v3,2
homie,2
r305,2
cart,2
outta,2
disclosure,2
organization,2
marketed,2
lean,2
images,2
department,2
climb,2
retailers,2
youtubers,2
gound,2
corporations,2
screams,2
corporate,2
paragraph,2
6nm,2
kamala,2
confirmed,2
dan,2
settle,2
internet,2
chinese,2
pages,2
bingo,2
announced,2
fired,2
buzzwords,2
chaos,2
disappointment,2
screenshot,2
idiotic,2
connecting,2
649,2
surprise,2
fee,2
goin,2
catches,2
infographic,2
raw,2
fulfilling,2
beaches,2
requirement,2
techy,2
ryobi,2
remains,2
educated,2
flamed,2
seemingly,2
fiddling,2
managed,2
mistaken,2
transit,2
presence,2
evidence,2
minded,2
nasa,2
attractive,2
550,2
gplaps,2
gpl,2
asm2,2
landscapes,2
navigate,2
flags,2
isolation,2
stations,2
weighs,2
meaningful,2
mentioning,2
monte,2
rbr,2
calendar,2
startup,2
lacks,2
tarmac,2
claiming,2
bugs,2
rallies,2
suits,2
downgraded,2
holds,2
potentially,2
pains,2
ps2,2
technologies,2
bed,2
cells,2
brushless,2
mother,2
fancier,2
shite,2
fiasco,2
faulty,2
caused,2
supplies,2
resulting,2
granite,2
impacts,2
penalty,2
writeup,2
tsukuba,2
oran,2
bridge,2
laguna,2
seca,2
nevermind,2
june,2
percent,2
gp,2
inverted,2
floorboards,2
dampen,2
teeth,2
sewing,2
ergonomics,2
mr,2
rocks,2
detachable,2
piloting,2
genres,2
logo,2
headlights,2
fitted,2
trucks,2
mom,2
maps,2
cons,2
font,2
s397,2
blog,2
modelling,2
sf23,2
potato,2
fingerprint,2
stains,2
sunrays,2
collision,2
facts,2
sticking,2
bop,2
tuesday,2
gt3s,2
smugness,2
urge,2
philosophy,2
imgur,2
outdoors,2
nights,2
ohhhh,2
vario,2
offense,2
dallas,2
encoders,2
smartphone,2
signs,2
atx,2
consumption,2
fans,2
connectors,2
h6,2
owning,2
pico,2
7900xtx,2
2080,2
5090,2
implemented,2
dlss,2
2000s,2
discords,2
prob,2
mortar,2
location,2
closed,2
estate,2
population,2
coupon,2
distribute,2
adrenaline,2
wowza,2
greatly,2
balls,2
overcrest,2
dang,2
vintage,2
puck,2
username,2
shocked,2
supporting,2
325is,2
rad,2
lunch,2
cast,2
75hz,2
130,2
gigabyte,2
pirate,2
de,2
workaround,2
external,2
notable,2
sample,2
covered,2
lmu,2
prototype,2
crossed,2
pcup,2
specially,2
train,2
ts,2
350mm,2
gt86,2
unsure,2
allowing,2
140,2
clamps,2
tub,2
interchangeable,2
beetween,2
quieter,2
dealt,2
disclaimer,2
silver,2
flag,2
offtrack,2
bronze,2
gaining,2
whereas,2
kills,2
ir01,2
combinations,2
present,2
nervous,2
representative,2
argued,2
blade,2
prisma,2
debacle,2
delays,2
bf,2
almeida,2
skyline,2
invalid,2
kreittas,2
6900xt,2
efficiency,2
6900,2
xfx,2
qick,2
319,2
не,2
atom,2
kudos,2
achievement,2
reaching,2
capacity,2
voicemail,2
ඞ,2
coz,2
д,2
q,2
esses,2
rv,2
serif,2
assignment,2
za,2
rhetorical,2
hur,2
dur,2
guest,2
dec,2
promo,2
swappable,2
fails,2
ends,2
9nm,2
velocityone,2
expand,2
promising,2
styling,2
yoke,2
accelerator,2
fallacies,2
mq,2
mte5mzc1mdk0ns4xnza2mdq3otu5,2
compression,2
activepedals,2
coarse,2
targa,1
florio,1
70km,1
r5s,1
heats,1
overheat,1
reported,1
celsius,1
overheated,1
pithouse,1
temp,1
logs,1
heatsink,1
radiators,1
x5,1
165,1
automotive,1
aching,1
abc,1
yard,1
velcro,1
3440x1440p,1
cu34g2x,1
cs2,1
16k,1
philips,1
heroin,1
greatest,1
cheaoeron,1
subscritions,1
fq,1
italy,1
percentages,1
56,1
84,1
subscribers,1
bearable,1
bough,1
amoint,1
casuals,1
creator,1
aback,1
monetisation,1
guaranteed,1
netflix,1
aus,1
aud,1
deters,1
tcrs,1
disks,1
casually,1
elder,1
scrolls,1
intriguing,1
compelling,1
forbid,1
playstile,1
fanboy,1
vowed,1
jardier,1
unbeaten,1
spree,1
unimportant,1
hdd,1
factors,1
obstacle,1
articulating,1
bolster,1
ghosts,1
copying,1
respectable,1
cdkeys,1
teaches,1
conversely,1
radical,1
sr3,1
gravitated,1
f⁷,1
elephant,1
progressed,1
reiza,1
arcadey,1
diffrent,1
uglier,1
somebyt,1
hurdles,1
obtaining,1
noting,1
reconsider,1
tasks,1
align,1
stoked,1
bruised,1
shitshow,1
naw,1
twine,1
tie,1
slippers,1
gateway,1
extruded,1
simpler,1
strain,1
coping,1
lawn,1
csldd,1
gtlite,1
trigger,1
garden,1
closet,1
sequence,1
collapse,1
unfolding,1
workout,1
stature,1
heya,1
77,1
c2,1
pointers,1
chairs,1
ikea,1
medion,1
erazer,1
1660ti,1
100hz,1
connoisseur,1
sdk,1
libraries,1
private,1
combat,1
squadron,1
overtime,1
generalized,1
monetization,1
infrastructure,1
charges,1
grows,1
funding,1
generalize,1
bread,1
garage61,1
trx,1
downward,1
factored,1
viable,1
den,1
rack,1
rebuild,1
contemplated,1
unraid,1
whe,1
mancave,1
gym,1
yr,1
17ish,1
viewer,1
juice,1
12700kf,1
1tb,1
glitches,1
portal,1
coop,1
remote,1
causal,1
extender,1
printing,1
rtx3070,1
fixture,1
cyber,1
monday,1
piecing,1
football,1
docked,1
moonlight,1
displayports,1
rightmost,1
switchable,1
translation,1
relocate,1
laying,1
endeavor,1
rackmounted,1
remembered,1
mac,1
renewed,1
thinkcenter,1
appliances,1
wfh,1
rpgs,1
emergence,1
nahh,1
adjacent,1
wirelessly,1
grogu,1
vents,1
30ft,1
hdm,1
ethernet,1
connections,1
erm,1
woodrig,1
similare,1
fgc,1
sf2,1
nook,1
filthier,1
exhaust,1
defintely,1
z623,1
cabinet,1
sponsors,1
automobolista,1
carrier,1
enticing,1
dallara,1
transformed,1
incorporate,1
optix,1
mag342cqr,1
1ms,1
3440,1
visit,1
frequent,1
grief,1
haw,1
849,1
279,1
fry,1
basicly,1
usally,1
abscess,1
hasa,1
constrained,1
50cm,1
fogot,1
ks,1
mkb,1
fightstick,1
boggling,1
fellers,1
grandson,1
gatekeeping,1
lel,1
grandpa,1
freakin,1
unbelievable,1
pitbull,1
alligator,1
grandparent,1
skype,1
impeccable,1
ouch,1
positivity,1
lemonparty2024,1
yaps,1
rustle,1
rustled,1
quote,1
gathered,1
teamtelemetry,1
thron,1
repeating,1
loooong,1
sloppy,1
chanege,1
ppl,1
sends,1
thorn,1
unmount,1
wrist,1
apologies,1
cheaping,1
5950x,1
6800xt,1
preset,1
sceptre,1
180hz,1
12600k,1
3060ti,1
2080oc,1
9gb,1
43s,1
6950xt,1
75hx,1
130fps,1
130hz,1
r3600,1
sake,1
144pp,1
encourage,1
shouting,1
constructive,1
extensive,1
sarcastic,1
yapping,1
blocking,1
disagreed,1
bottlenecks,1
abundantly,1
hertz,1
kliksphilip,1
analasys,1
shout,1
hence,1
uncapped,1
downvotes,1
transforming,1
geometry,1
shading,1
doubled,1
cores,1
cpus,1
shades,1
gamedev,1
specified,1
proofing,1
explaining,1
whoever,1
yells,1
dinguses,1
stressed,1
tripling,1
hfov,1
ob,1
channels,1
oc,1
disadvantages,1
unscrewing,1
rise,1
mush,1
squeak,1
clams,1
wiggles,1
gona,1
tightened,1
wrench,1
wither,1
cotton,1
rub,1
hinge,1
zoomed,1
unaware,1
overdo,1
enlighten,1
1000w,1
6000cl30,1
mobo,1
4x,1
4060ti,1
forsure,1
7800xd3,1
beefier,1
buddies,1
ac1,1
crizen10,1
names,1
f122,1
bio,1
tiers,1
lmk,1
gt5,1
gt6,1
sturdily,1
alegedly,1
aledgedly,1
moded,1
trustmaster,1
greater,1
abysmal,1
inject,1
overlay,1
securing,1
hitmanpro,1
kaspersky,1
removal,1
gmail,1
unrecognised,1
apps,1
sms,1
passwords,1
trojan,1
rockstar,1
hacked,1
behavior,1
unconnected,1
fallen,1
victim,1
malware,1
attacker,1
credentials,1
tokens,1
av,1
2fa,1
choosing,1
trophi,1
bitdefender,1
trophiai,1
trojans,1
economical,1
integration,1
intimidating,1
supplement,1
srf,1
kia,1
eligible,1
credits,1
expose,1
maintenance,1
nr2003,1
regimented,1
mp,1
fernando,1
alonso,1
weekday,1
weekends,1
asatek,1
matt,1
malone,1
machined,1
defect,1
wayyy,1
facing,1
unbolted,1
taykover,1
ddmotor,1
replied,1
tap,1
relieved,1
foldaway,1
bollocks,1
visited,1
eyed,1
professionals,1
tops,1
nords,1
snob,1
elitists,1
mario,1
polyphony,1
punched,1
glasses,1
experince,1
whuch,1
characteristics,1
definetly,1
ktm,1
s1,1
quoting,1
mute,1
refuel,1
rallye,1
fsr,1
racebox,1
asia,1
lackluster,1
120w,1
upgradable,1
2kusd,1
raster,1
daunting,1
throttled,1
browsing,1
lurking,1
pcpartpicker,1
pacing,1
overlooked,1
comparisons,1
mc,1
g443,1
13700kf,1
1499,1
marked,1
57,1
examples,1
s3422dwg,1
contrast,1
drastic,1
benq,1
mobiuz,1
ex3410r,1
keyword,1
diagram,1
rectangular,1
clip,1
tables,1
parallel,1
ties,1
tying,1
squeezed,1
toslink,1
converter,1
shorted,1
65,1
exchanged,1
bb,1
reentered,1
540,1
610,1
scrubbing,1
nicole,1
rosberg,1
exiting,1
overslowing,1
occassional,1
mimic,1
draft,1
tow,1
intentional,1
dozen,1
ostebaneccon,1
haikus,1
successfully,1
nuances,1
styles,1
blatant,1
motorsports,1
optimum,1
punishes,1
exits,1
behaves,1
calm,1
calmal,1
extrapolate,1
quantifiable,1
dat,1
solving,1
apocalypse,1
airport,1
flee,1
mystifying,1
grind,1
helicopter,1
beefed,1
unimog,1
jungle,1
eurobeat,1
ahaha,1
planes,1
pilot,1
skillset,1
impression,1
dumbed,1
mighty,1
george,1
russel,1
hx,1
lx,1
extenders,1
rn,1
hm,1
gamepad,1
charm,1
fortunate,1
fussy,1
g703,1
g613,1
disables,1
convinient,1
splitters,1
magician,1
dedicating,1
slot,1
performence,1
nivida,1
hotkey,1
tp,1
tapo,1
gigabytes,1
markers,1
structured,1
retain,1
francorchamps,1
blindfolded,1
peeing,1
saturn,1
emmc,1
taxi,1
rs,1
tomato,1
flows,1
brained,1
weirdo,1
pedantry,1
shenanigans,1
rzr,1
gatlinburg,1
mountains,1
disoriented,1
deadly,1
pride,1
certified,1
knock,1
branding,1
copycat,1
conspit,1
advertise,1
sued,1
expired,1
chunkier,1
fiberglass,1
popped,1
happily,1
rec,1
digit,1
basses,1
overheating,1
periods,1
evo1,1
tilton,1
r7,1
invikta,1
heusinkfelds,1
decked,1
propedalgt,1
spr,1
rave,1
srp,1
p2000s,1
hydro,1
lubricating,1
towns,1
contenders,1
immediatly,1
feling,1
damper,1
70kg,1
inital,1
bitier,1
compentent,1
ooze,1
engaged,1
700,1
isp,1
unmodded,1
rivatuner,1
aio,1
consume,1
nuke,1
bios,1
spikes,1
199,1
ruled,1
somethings,1
cl30,1
6000,1
scheduling,1
hags,1
erase,1
taskmanager,1
wave,1
staple,1
recoup,1
deliveries,1
broader,1
contacts,1
rma,1
initiated,1
bust,1
gospel,1
foreverever,1
revisions,1
gamechanger,1
12h,1
referred,1
breathed,1
roster,1
shaken,1
retirement,1
meme,1
fees,1
pussies,1
embarrassing,1
math,1
literaly,1
immature,1
scrape,1
rust,1
maiming,1
kush,1
beloved,1
boycotted,1
meatball,1
ridiculously,1
slipper,1
kph,1
stone,1
subbed,1
paypal,1
axc,1
craftsmanship,1
spanner,1
clockwise,1
crackhouse,1
mangement,1
methhead,1
chalkboard,1
hostage,1
bangin,1
bomb,1
appearance,1
temù,1
exorcism,1
aneurism,1
5kplus,1
grose,1
rite,1
pasta,1
roam,1
madden,1
rearanged,1
som,1
arent,1
hectic,1
slack,1
clipping,1
mayne,1
compromises,1
mazda3,1
185,1
flawless,1
immediate,1
400usd,1
cancel,1
babby,1
p1000i,1
proudly,1
6sigmaracing,1
oops,1
messaged,1
pitch,1
850w,1
cruising,1
cdkey,1
japan,1
jp,1
recycle,1
propedals,1
controllability,1
minimized,1
associate,1
policy,1
son,1
mindfucked,1
copium,1
paralysis,1
brush,1
absurdly,1
dds,1
strikes,1
golfer,1
putters,1
pumped,1
gifting,1
unwanted,1
allways,1
greener,1
trace,1
momentarily,1
activating,1
elasomers,1
minuscule,1
overthink,1
softwares,1
stiffer,1
100kg,1
rubbers,1
fiddly,1
defo,1
crippling,1
smh,1
erratic,1
lcms,1
improper,1
marginal,1
modulation,1
youve,1
definitly,1
lad,1
cowboy,1
gottdam,1
lochness,1
monsters,1
stewards,1
nail,1
died,1
grandmother,1
hospice,1
turo,1
downshifted,1
liftoff,1
controllable,1
killed,1
carefully,1
31,1
meandered,1
amazingly,1
injury,1
mary,1
givin,1
treefiddy,1
landed,1
increases,1
rolls,1
xc70,1
t6,1
ftw,1
overdone,1
ennui,1
swears,1
smash,1
nose,1
500ft,1
loch,1
ness,1
attacking,1
parody,1
jesus,1
clock,1
timeless,1
pertaining,1
momentum,1
analyze,1
overloading,1
oversimplification,1
accelerating,1
spoiler,1
theoretical,1
entertaining,1
caring,1
complicated,1
rpm,1
redline,1
bands,1
floating,1
maniac,1
lego,1
bugatti,1
flashbacks,1
compares,1
planing,1
rob,1
prison,1
simicube,1
preferential,1
r16,1
converting,1
spurred,1
creative,1
ip,1
peddles,1
needless,1
echelon,1
50bucks,1
sturdiest,1
lenze,1
2x2,1
superspeed,1
queasy,1
immune,1
gig,1
happenes,1
encoding,1
inevitably,1
porridge,1
lenses,1
fresnel,1
pancakes,1
wks,1
7680x1440,1
tweeking,1
speeking,1
dissapointed,1
crank,1
debug,1
bitrate,1
ads,1
blurry,1
quest2,1
quest3,1
fh5,1
4770,1
ddr3,1
3600x,1
3200,1
4790k,1
gigs,1
feasible,1
7900k,1
14th,1
ddr,1
reckon,1
11th,1
rx480,1
slickdeals,1
hd7850,1
4k60,1
recommending,1
daft,1
x60,1
x70,1
cleaner,1
gpus,1
5700xt,1
144fps,1
11m,1
gauge,1
7600xtx,1
fedora,1
partition,1
exept,1
goods,1
70fps,1
misread,1
applicable,1
regualary,1
30fps,1
sweetspot,1
redicioulus,1
cod,1
backup,1
conservative,1
unnacessary,1
experts,1
individuals,1
framerates,1
buffer,1
trickier,1
ripped,1
shredded,1
1100,1
boxing,1
yeahhh,1
370,1
barley,1
g290,1
wound,1
beams,1
unadjustable,1
abomination,1
pairing,1
ghetto,1
awnser,1
awnsers,1
memo,1
170,1
yanked,1
wreckers,1
pornography,1
gm,1
svg,1
pond,1
erect,1
1700aud,1
shane,1
conflicting,1
gis,1
brett,1
addon,1
genera,1
declared,1
customize,1
p1000ir,1
oatent,1
moneysink,1
ali,1
extendable,1
bugging,1
awkward,1
twitch,1
defend,1
android,1
abroad,1
traveling,1
yield,1
oftentimes,1
problematic,1
healthier,1
ascher,1
f64,1
50mm,1
thus,1
binds,1
coded,1
uncomftable,1
midlands,1
serviceable,1
amongst,1
doubting,1
dx9,1
canned,1
judge,1
scrutiny,1
unusable,1
downforce,1
expressing,1
humorous,1
crying,1
snd,1
toliet,1
heated,1
hmmm,1
poopin,1
pvc,1
fittings,1
plumbing,1
niki,1
lauda,1
subtly,1
fawk,1
img,1
facemasks,1
hoops,1
masks,1
brim,1
watches,1
firing,1
27000,1
comfortably,1
law,1
crapping,1
fedex,1
niggas,1
sh,1
er,1
strangely,1
saga,1
bezos,1
scat,1
fulfilled,1
acquired,1
simultaneously,1
butter,1
wirh,1
stints,1
shits,1
lamans,1
hahahaahhaha,1
calming,1
scheduled,1
tunnel,1
poop,1
universe,1
taco,1
lightning,1
cardboard,1
taped,1
identified,1
tank,1
monopoly,1
d24,1
overnight,1
doorstep,1
stint,1
retire,1
lmaooo,1
cartoon,1
styrofoam,1
rubbing,1
endro,1
yoyll,1
interviews,1
hello,1
misspelled,1
beep,1
boop,1
botcriminate,1
slander,1
17k,1
inspected,1
typed,1
indian,1
thai,1
kerbal,1
adam,1
outgrow,1
logis,1
fantec,1
v2s,1
restt,1
typa,1
idc,1
itll,1
gated,1
grave,1
basketball,1
lebron,1
sue,1
sidenote,1
dumped,1
equipments,1
harm,1
nontoxic,1
drone,1
quad,1
gps,1
gopros,1
quadcopters,1
wash,1
bird,1
mavic,1
goggles,1
g932,1
tactile,1
grandturismo,1
keysite,1
simulations,1
rivals,1
revelation,1
reassure,1
perpetual,1
dweller,1
investigate,1
determination,1
secs,1
probability,1
unnaturally,1
lifetime,1
hiatus,1
til,1
waters,1
depreciation,1
precision,1
plateaued,1
bridged,1
raft,1
oke,1
300hs,1
redditor,1
sorta,1
jake,1
crew,1
guarantee,1
maaaaybe,1
growth,1
drowned,1
mats,1
fireplace,1
naturals,1
positioned,1
9th,1
golfing,1
avid,1
golf,1
ummm,1
stubborn,1
bastard,1
gamble,1
sun,1
techniques,1
hang,1
curveballs,1
questioning,1
tryharding,1
accompetizione,1
280,1
uneeded,1
metrics,1
reliving,1
bandwagon,1
dogshit,1
penny,1
fights,1
relief,1
rage,1
gta,1
solar,1
crown,1
slaming,1
buses,1
banded,1
ticking,1
partly,1
simmy,1
10s,1
iterative,1
role,1
fanatic,1
apartment,1
cartoony,1
oversteering,1
bummed,1
health,1
lures,1
dreadful,1
mum,1
trough,1
paced,1
yolo,1
assets,1
somin,1
exceptional,1
knocking,1
or4th,1
suites,1
chucking,1
autism,1
academy,1
moons,1
2012,1
1gb,1
apus,1
igpus,1
keystores,1
923,1
trials,1
unwind,1
hesitation,1
folkracing,1
sims4,1
alluring,1
discouraging,1
usefulness,1
killing,1
aztec,1
err,1
t500rs,1
moren,1
windup,1
prioritize,1
challengers,1
buffed,1
lexus,1
minorly,1
supertrofeo,1
pedalwork,1
estar,1
acquisition,1
syndrome,1
breakes,1
borrow,1
action,1
donington,1
hearts,1
passionate,1
loyal,1
playset,1
bargain,1
amen,1
yeh,1
offen,1
buried,1
seconding,1
trend,1
superlap,1
detroit,1
quirky,1
ahahaha,1
legos,1
guns,1
ross,1
gotchu,1
229,1
resold,1
gifts,1
chorus,1
simming,1
exchanging,1
boyfriend,1
snarky,1
coffin,1
wacky,1
introduce,1
racecars,1
radracer,1
470,1
670,1
2035,1
vaguely,1
dreaming,1
tail,1
lonnnnng,1
criticisms,1
sigh,1
ressources,1
envy,1
understandable,1
targeted,1
relying,1
notchiness,1
criticism,1
fantasies,1
atmos,1
accuracy,1
consideration,1
adac,1
firmer,1
percentage,1
tiktok,1
noooooo,1
0x82d60002,1
evo2,1
promotion,1
429,1
canopy,1
blacking,1
command,1
fabric,1
32s,1
transparent,1
disappear,1
lightness,1
friction,1
unbelievably,1
squares,1
rework,1
linear,1
consuming,1
smoothed,1
phenomenal,1
dimension,1
beneficial,1
tanks,1
cared,1
isolating,1
washing,1
urd,1
loire,1
07,1
cranked,1
drowns,1
vrc,1
gibson,1
chaotic,1
sounding,1
saturday,1
rsr,1
craaappppp,1
protection,1
piercing,1
pitched,1
corvettes,1
silent,1
sebring,1
unprepared,1
pitstop,1
enduro,1
movers,1
unhappy,1
wins,1
strategically,1
penalties,1
p10,1
p9,1
alien,1
sj,1
unpowered,1
usb3,1
mountable,1
nedis,1
245,1
unbeatable,1
copies,1
husinkveld,1
complain,1
deformed,1
dye,1
3030,1
vetted,1
splitter,1
4ft,1
cord,1
slim,1
multiport,1
expander,1
chromebook,1
imac,1
flash,1
connectivity,1
lifespan,1
summon,1
upvote,1
http,1
positives,1
srps,1
diview,1
calibrate,1
elevate,1
p1000s,1
dismount,1
reactors,1
gladly,1
sealed,1
bummer,1
lowered,1
layer,1
55s,1
pal,1
cabin,1
ric,1
gene,1
narrower,1
calculated,1
slice,1
hexagon,1
calculate,1
claustrophobic,1
woled,1
dimmer,1
flickering,1
g7s,1
gotchas,1
198,1
filming,1
verified,1
offended,1
ignoramus,1
chime,1
stfu,1
cracks,1
sprayed,1
g7,1
qn90c,1
22,1
tripod,1
intake,1
manifold,1
dpi,1
wondered,1
relevance,1
query,1
doll,1
nv,1
2ks,1
arks,1
mature,1
eventuality,1
quantum,1
genuine,1
osd,1
underestimated,1
curtain,1
drew,1
relation,1
37,1
serviced,1
enclose,1
curtains,1
capped,1
fare,1
inbetween,1
5700,1
cdn,1
4200,1
irrationally,1
knees,1
moon,1
150fps,1
poors,1
loser,1
peeking,1
cats,1
reclaim,1
shelving,1
upholster,1
inner,1
suede,1
seal,1
gaps,1
oddly,1
rooftop,1
threw,1
permanently,1
wedge,1
seams,1
dimensions,1
centerpoint,1
12mm,1
60mm,1
preparation,1
compensate,1
tailored,1
expanding,1
slots,1
accessory,1
griping,1
kicks,1
impatience,1
justifying,1
streamed,1
fanalabs,1
searches,1
makers,1
quirk,1
2a,1
24w,1
110v,1
female,1
batteries,1
googled,1
7v,1
shield,1
changers,1
2018,1
scammus,1
dedicate,1
teleport,1
functionally,1
refinement,1
alr,1
apprently,1
ome,1
ty,1
woyld,1
reccomned,1
abruzzi,1
rundown,1
richard,1
burns,1
individually,1
gtx1060,1
prioritise,1
oomph,1
widely,1
entries,1
carx,1
myriad,1
follows,1
1650s,1
tourist,1
charms,1
sparsely,1
exited,1
stave,1
boredom,1
copied,1
merit,1
situated,1
1900,1
2200,1
thankful,1
1200w,1
equipped,1
bottlenecked,1
founders,1
msrp,1
overlocked,1
aib,1
desert,1
dense,1
rougher,1
vrace,1
com,1
au,1
motions,1
qere,1
200ms,1
fairground,1
irritating,1
hindrance,1
earn,1
moly,1
stretch,1
cope,1
bandwith,1
ar,1
compensation,1
headache,1
dizzy,1
corvette,1
c8,1
sensation,1
keen,1
rankings,1
risking,1
hahah,1
florida,1
bandwidth,1
perceptually,1
mugh,1
dof,1
h3,1
freshly,1
nc,1
800mbps,1
bugged,1
tampa,1
htc,1
odysee,1
150mm,1
ques,1
srs,1
overclockers,1
dd8nm,1
17nm,1
okayish,1
scca,1
pouring,1
counterintuitive,1
bounced,1
violate,1
endanger,1
heartbreaking,1
addict,1
consumed,1
biweekly,1
surroundings,1
rushes,1
brag,1
overcome,1
depression,1
relatable,1
instincts,1
alert,1
autobiography,1
wikipedia,1
pixar,1
hudson,1
transferable,1
100s,1
faked,1
wholesome,1
nancys,1
dmv,1
boxster,1
2002,1
tiptronic,1
merge,1
60f,1
rigamarole,1
methodically,1
seatbelt,1
takeaway,1
booties,1
baby,1
awd,1
square,1
snuck,1
tones,1
lanes,1
s2000,1
altough,1
defensive,1
suttle,1
rapid,1
aquaplaining,1
testement,1
obv,1
comprehension,1
hivemind,1
easing,1
regain,1
mastering,1
balancing,1
se,1
outrun,1
shifted,1
member,1
woth,1
happend,1
hydroplane,1
overreaction,1
trained,1
react,1
bliss,1
ruined,1
snowy,1
winters,1
blindly,1
subsequent,1
carried,1
drivethan,1
guts,1
undoubtedly,1
overcorrecting,1
balanced,1
induced,1
yaw,1
titled,1
cocky,1
reflex,1
distributed,1
infamous,1
mustangs,1
proved,1
effectiveness,1
twin,1
z3,1
totaling,1
dying,1
backwheels,1
fishtail,1
situational,1
intersection,1
clenching,1
gforces,1
transfered,1
1series,1
romantic,1
burger,1
king,1
lightpoles,1
shes,1
painfully,1
jimmy,1
broadbent,1
steve,1
alvarez,1
james,1
baldwin,1
lucas,1
ordóñez,1
jann,1
mardenborough,1
piotr,1
więcek,1
1000hp,1
s15,1
exceptionally,1
acknowledge,1
counterpart,1
scary,1
auditory,1
rounded,1
anecdote,1
effortlessly,1
feed,1
instructors,1
kinks,1
simulated,1
gamified,1
innate,1
61,1
naive,1
dashcam,1
nicest,1
philomena,1
cunk,1
intermediate,1
nanny,1
twit,1
totaled,1
collect,1
pulls,1
michael,1
andretti,1
sensations,1
procedures,1
maneuvers,1
simmed,1
ears,1
swaybars,1
coilovers,1
sway,1
uneducated,1
amateurs,1
respawn,1
emergencies,1
unplowed,1
snowfall,1
oversimplifying,1
whipped,1
intuit,1
unsettle,1
core,1
academically,1
consciously,1
autox,1
whip,1
panic,1
sully,1
sullenberger,1
national,1
hero,1
progressing,1
jeep,1
insist,1
adapting,1
drastically,1
shorten,1
impedes,1
unfamiliar,1
thoughtful,1
recoverability,1
stepping,1
leaping,1
submerse,1
org,1
incrementally,1
pb,1
attitudes,1
injured,1
tombstone,1
impetuous,1
understear,1
sharpen,1
selfish,1
asshole,1
apts,1
thinks,1
burnout,1
cities,1
bellend,1
captured,1
fkng,1
precursory,1
inspection,1
teenage,1
pizza,1
clapped,1
yah,1
pucker,1
150mph,1
ed,1
proliferation,1
result,1
instructed,1
handbooks,1
finland,1
students,1
surfaces,1
climate,1
aw11,1
overconfident,1
compliment,1
irresponsibility,1
enthusiastically,1
transferring,1
belong,1
circus,1
clowns,1
borderline,1
members,1
cute,1
generalizing,1
euphemism,1
endangerment,1
popularity,1
abnormal,1
datsun,1
510s,1
1960s,1
paragraphs,1
stiffness,1
unstick,1
vt,1
2011,1
hazardous,1
kc,1
moderately,1
northern,1
idaho,1
802,1
mn,1
ply,1
s2k,1
omni,1
directional,1
scara,1
generating,1
simulating,1
60kmh,1
bone,1
braindead,1
camber,1
brunt,1
semblance,1
weirder,1
ample,1
audible,1
windy,1
arisen,1
identify,1
schoolers,1
subsets,1
northeast,1
mentalities,1
capabilities,1
bragging,1
precautions,1
attempting,1
narrowly,1
irresponsibly,1
regained,1
loosing,1
onlookers,1
impeding,1
hanging,1
intimate,1
beg,1
ambulance,1
kansas,1
thecarjustsuddenlyswervedman,1
sentiment,1
illegal,1
thrown,1
impounded,1
takeover,1
idiocy,1
responsibly,1
impede,1
sideshow,1
clout,1
hone,1
believer,1
staying,1
firmly,1
abnormally,1
elude,1
runtime,1
editor,1
srwe,1
og,1
hmds,1
50inch,1
immersiv,1
absolutly,1
hog,1
comfier,1
tethered,1
punt,1
flatscreens,1
plugs,1
primax,1
valves,1
preferences,1
buggy,1
resource,1
inconveniences,1
semicompetitively,1
wind,1
perceived,1
shoulderwidth,1
unintentionally,1
considerations,1
straining,1
simplest,1
townsville,1
gasket,1
cliffhouse,1
xr,1
badboy,1
echo,1
tricks,1
confortable,1
das,1
existance,1
prompted,1
underlying,1
i9,1
13900kf,1
1600w,1
rx5700,1
deprecate,1
g1,1
appear,1
cliff,1
darkness,1
ui,1
sensitive,1
eithers,1
stalls,1
freely,1
formulas,1
config,1
blown,1
soace,1
haf,1
drom,1
os,1
variant,1
recentered,1
tad,1
handed,1
arcades,1
financial,1
lasted,1
1yr,1
3months,1
theoretically,1
seeking,1
wisely,1
resellable,1
logitecs,1
objective,1
quiestion,1
abused,1
waay,1
tensioner,1
10min,1
returning,1
safest,1
naff,1
currency,1
durable,1
cheapo,1
dildo,1
hori,1
recognises,1
explainign,1
probaly,1
1920,1
1640,1
5760x1080,1
eyefinity,1
arse,1
university,1
kerb,1
pavement,1
rpms,1
ha,1
faint,1
pulses,1
collisions,1
trueforce,1
13600k,1
13600,1
retested,1
benchmark,1
7809x3d,1
mb,1
ramfor,1
optimize,1
referral,1
conform,1
knocked,1
openwheeler,1
modularity,1
fab,1
rs6,1
welded,1
preeeetty,1
whoopsie,1
doodle,1
sheckles,1
strengthening,1
warp,1
zillion,1
gussetted,1
wheeler,1
wayyyyy,1
sr2,1
ol,1
patient,1
faztek,1
quebec,1
actuator,1
1000mm,1
1200mm,1
spacing,1
alterations,1
toylike,1
installation,1
breeze,1
swivel,1
folded,1
pictured,1
plat,1
wy,1
t3pa,1
ergonomically,1
armed,1
swings,1
un,1
clasping,1
hehe,1
underpeform,1
consequence,1
stressful,1
reevaluate,1
relationship,1
honor,1
war,1
thunder,1
refreshed,1
therapist,1
simraces,1
makebelieve,1
escape,1
unhealthy,1
upsetting,1
rushed,1
clawed,1
finishes,1
brute,1
coaching,1
courses,1
striving,1
deactivate,1
hud,1
concentrate,1
scream,1
annoyed,1
weightlifting,1
tennis,1
healthy,1
insanity,1
hopping,1
upload,1
books,1
nate,1
zinsser,1
exhausted,1
intens,1
archive,1
differend,1
drawing,1
exerting,1
correlation,1
shockingly,1
cleanly,1
sweaty,1
tryhard,1
therapy,1
hysterical,1
licks,1
cheeto,1
moms,1
frantically,1
itches,1
chase,1
zyn,1
rainbow,1
siege,1
amused,1
ritual,1
pray,1
immersing,1
prayer,1
palworld,1
downtime,1
tensed,1
cracking,1
humor,1
loled,1
eric,1
carman,1
howling,1
anger,1
cycle,1
chemistry,1
competative,1
amounts,1
mmm,1
outcomes,1
videogames,1
complement,1
competent,1
transitioned,1
perpetually,1
amazed,1
stake,1
legitimate,1
composed,1
emotionally,1
church,1
tension,1
embarrassment,1
cex,1
discounted,1
virpil,1
yhat,1
ball,1
joint,1
oem,1
shlock,1
overpaid,1
pandemic,1
nuts,1
tdc,1
nipple,1
castors,1
castor,1
serendipitous,1
liability,1
fashioning,1
washers,1
torqued,1
caps,1
hoober,1
containers,1
carved,1
belgium,1
championships,1
builder,1
1973,1
sensational,1
pc1,1
drinks,1
comms,1
flagging,1
variables,1
jacks,1
moulding,1
moulded,1
ruler,1
sterling,1
lighter,1
intensive,1
40k,1
lays,1
producing,1
scales,1
articles,1
handwork,1
craftmanship,1
developping,1
7k,1
luxury,1
shirts,1
legitimacy,1
formed,1
imitation,1
5mm,1
reminded,1
properties,1
unnecessary,1
excluding,1
estimate,1
usual,1
battle,1
agnostic,1
complexity,1
restricted,1
requests,1
venture,1
talented,1
deter,1
3500usd,1
prcision,1
mk2,1
ccw,1
bleeding,1
inflated,1
ignorant,1
timings,1
snobs,1
sala,1
gbp,1
posters,1
speculating,1
offs,1
electronic,1
killers,1
mitigating,1
specialized,1
analogue,1
missiles,1
fighters,1
specialties,1
mitigate,1
laptime,1
consultation,1
rambling,1
forged,1
weighed,1
holders,1
sophisticated,1
cellphone,1
2500,1
3500,1
ecm,1
vital,1
hint,1
computational,1
tens,1
beauty,1
authetic,1
fillet,1
cnced,1
wrapped,1
1mm,1
hypes,1
reinforced,1
polymer,1
encouragement,1
eclipse,1
tbe,1
converted,1
6k,1
pragmatic,1
cmf,1
endure,1
25k,1
layers,1
lewis,1
hamiltons,1
2014,1
leclerc,1
instruction,1
interfaces,1
sofware,1
tour,1
haters,1
justification,1
partnership,1
endorsed,1
airplanes,1
floppy,1
reinforce,1
concrete,1
latter,1
separates,1
chewing,1
ape,1
banana,1
shiny,1
moulds,1
wheeel,1
ould,1
asleep,1
3am,1
dry,1
fathom,1
ergonomy,1
imperative,1
relearning,1
bespoke,1
molded,1
estimation,1
salary,1
electrically,1
processors,1
dissipated,1
passive,1
pitwall,1
rotational,1
clone,1
extremes,1
recognise,1
exotic,1
prevention,1
pea,1
moron,1
stupidity,1
jordanschulze,1
monti,1
pussy,1
garygiesel,1
v,1
hmmmm,1
speaks,1
strawmanning,1
hows,1
texture,1
weave,1
elaborate,1
frivolously,1
wildly,1
centrally,1
instrument,1
ic,1
rcm,1
bcm,1
multiplexing,1
greetings,1
laptops,1
consatly,1
compressing,1
parsing,1
microcontroller,1
implement,1
associated,1
inspect,1
circumventing,1
dials,1
controlling,1
kiddo,1
insulting,1
embedded,1
insults,1
fireproof,1
rosso,1
creating,1
studies,1
concepts,1
communicating,1
esc,1
unhinged,1
brains,1
beaglebone,1
mechanicals,1
severe,1
environmental,1
consequences,1
idiom,1
literal,1
hatred,1
wheelthat,1
sources,1
2gb,1
critical,1
dragg,1
protected,1
bodywork,1
producer,1
repeated,1
legality,1
rights,1
partnered,1
kpm,1
milage,1
hobb,1
floodgates,1
neck,1
ooo,1
casing,1
rgb,1
aboard,1
chancers,1
algorithm,1
productions,1
undergoing,1
leftover,1
astronomical,1
curios,1
rethinking,1
sorting,1
proofed,1
4080ti,1
3a,1
2f,1
3fwidth,1
3d640,1
26crop,1
3dsmart,1
26auto,1
3dwebp,1
26s,1
3d9905288a1843d2dcbfcc5102b87aed955b696779,1
45mm,1
m5,1
beware,1
qty,1
savvy,1
variation,1
quarter,1
revenues,1
corpobs,1
runaround,1
scienced,1
asks,1
tears,1
liberal,1
believing,1
centering,1
rubbish,1
longest,1
lied,1
snake,1
velocitynone,1
flogging,1
opens,1
peekaboo,1
utilizing,1
rudder,1
questionable,1
reserve,1
judgement,1
preorders,1
disclosing,1
zzz,1
gimmicky,1
mask,1
suggesting,1
rug,1
legal,1
terminology,1
managerspeak,1
aka,1
verbose,1
figures,1
tq,1
hardward,1
rigors,1
ad,1
measuring,1
contest,1
hilariously,1
delusional,1
revolutionizes,1
industrial,1
servos,1
believable,1
billion,1
havent,1
allready,1
minmaxed,1
ouf,1
slew,1
explode,1
rational,1
charging,1
650usd,1
300usd,1
hosed,1
speech,1
writer,1
avatars,1
turd,1
polished,1
stinky,1
upsell,1
penis,1
greenawlt,1
paste,1
eyy,1
um,1
repeat,1
avaliable,1
tf,1
sustained,1
sentences,1
synergy,1
crosseyed,1
squint,1
yarn,1
profesional,1
loginuts,1
hiding,1
indicative,1
vroom,1
miatas,1
porsches,1
underpowered,1
dandy,1
inadvertently,1
snoozed,1
presentation,1
legitimately,1
pearls,1
scares,1
indefinitely,1
webshops,1
attract,1
interchangable,1
nov,1
devil,1
assessment,1
advertises,1
refusing,1
gussied,1
fluff,1
letdown,1
ahem,1
harris,1
salad,1
upward,1
revenue,1
dynamics,1
crowdfund,1
slaughter,1
professionalism,1
fills,1
handbreak,1
copilot,1
hall,1
ignoring,1
solely,1
cartwheel,1
bosses,1
pretending,1
hallmark,1
cadence,1
scare,1
carts,1
recourse,1
respected,1
duty,1
prone,1
relations,1
corporation,1
truer,1
graduates,1
akin,1
muscles,1
horses,1
cylinders,1
cubic,1
centimeters,1
36hp,1
800cc,1
simplicity,1
packages,1
utilities,1
simplify,1
razer,1
overprice,1
turtles,1
stripped,1
van,1
flooring,1
ryo,1
unfortunatley,1
razers,1
theyve,1
ole,1
destined,1
landfill,1
sennheiser,1
vans,1
flunk,1
horseshit,1
asumption,1
disposal,1
dumbest,1
statistically,1
statistical,1
narrow,1
hire,1
exaggerated,1
businesses,1
3840,1
2160,1
m32u,1
vizio,1
famous,1
eras,1
cater,1
fiddle,1
th,1
heir,1
throne,1
kartkraft,1
pleasure,1
reminds,1
toca,1
childhood,1
wrc23,1
colin,1
mcrae,1
edges,1
397,1
ann,1
racin,1
informative,1
shortcomings,1
roidz,1
brah,1
yawn,1
facial,1
goodies,1
gadgets,1
anxiety,1
assblastingly,1
widest,1
nunchucks,1
pixelated,1
blocked,1
alloy,1
rounds,1
fgtlite,1
sturdiness,1
laden,1
lengths,1
denuvo,1
unoptimized,1
ue4,1
smallest,1
praydog,1
injector,1
reasonings,1
lenient,1
hr,1
carlo,1
views,1
jus,1
encountered,1
rng,1
regularity,1
define,1
barking,1
monetary,1
lifting,1
lightmaps,1
coincidentally,1
favour,1
broad,1
stroking,1
rembourse,1
thiefs,1
shader,1
compilation,1
optimization,1
reflections,1
uptick,1
80ish,1
unfinished,1
supplanted,1
anwser,1
lifts,1
responsibilities,1
overlook,1
phisics,1
reluctant,1
compile,1
shaders,1
controversy,1
compiling,1
produces,1
beoynd,1
evil,1
ue5,1
goty,1
concentration,1
sacrificed,1
tiring,1
uninstalled,1
esp,1
introduction,1
spain,1
predict,1
troubleshooting,1
inexcusable,1
diverse,1
es,1
combined,1
marathon,1
updates,1
accidentally,1
gto,1
upgradability,1
commonly,1
realised,1
stack,1
pillows,1
realisation,1
franchise,1
thingie,1
unimaginable,1
cherish,1
chances,1
mannnnnn,1
emulation,1
wifey,1
coffee,1
divorced,1
partner,1
bittersweet,1
1980s,1
1996,1
january,1
impulse,1
plant,1
hybrid,1
17,1
chatter,1
zone,1
selections,1
peace,1
affraid,1
hungary,1
chellenge,1
2nm,1
strenght,1
3dsim,1
specify,1
soundcard,1
rewarded,1
neighbours,1
neighbors,1
ahah,1
hoggit,1
x360ce,1
770,1
screaming,1
roulette,1
packaging,1
wednesday,1
revies,1
stories,1
ironic,1
rising,1
firstly,1
utmost,1
swiftly,1
peaks,1
riding,1
supplier,1
batch,1
whereof,1
hazards,1
retrying,1
notification,1
inconvenience,1
simsports,1
midrange,1
mentality,1
enthusiasm,1
optimise,1
approaches,1
teething,1
researching,1
sporadic,1
investigating,1
subject,1
discussed,1
definite,1
hops,1
backward,1
99sa,1
clarify,1
74a,1
78a,1
softest,1
74as,1
durometer,1
riptide,1
shore,1
rebound,1
skateboarder,1
skateboards,1
rejected,1
oulton,1
configs,1
skid,1
excel,1
grandma,1
borefest,1
ordinarily,1
runner,1
thrive,1
watkins,1
glen,1
ims,1
rudskogen,1
1600ir,1
2700ir,1
2300ir,1
gem,1
twisty,1
km,1
checkbox,1
beneath,1
tr8,1
noisey,1
buttkickers,1
mast,1
transducer,1
ie,1
dayton,1
sheath,1
rattle,1
padded,1
imp,1
extravagant,1
bowl,1
senna,1
dfgt,1
ceramics,1
literacy,1
realy,1
innit,1
singer,1
xbr4,1
nót,1
est,1
japanese,1
toeing,1
saitek,1
sre,1
fellas,1
woulda,1
satellite,1
x530,1
everyday,1
kicker,1
buds,1
piss,1
riktigt,1
noice,1
ww,1
whispers,1
mirror,1
reaaal,1
viper,1
fighter,1
jet,1
citizen,1
2007ish,1
windsim,1
aesthetics,1
aggressiv,1
ets,1
surrounds,1
relate,1
tackar,1
wipers,1
airsuspension,1
hex,1
fifteen,1
infokus,1
in3126,1
trucker,1
shiftingknob,1
7700,1
swedish,1
crowns,1
738,1
lo,1
gundam,1
unicorn,1
dumptrucks,1
exploded,1
igniton,1
nas2,1
iike,1
woofers,1
frequencies,1
prop,1
upped,1
hauling,1
strips,1
x3,1
contracts,1
excavator,1
bulldozer,1
fewk,1
aha,1
description,1
tempting,1
jose,1
joined,1
24hrs,1
lava,1
leds,1
documents,1
carcass,1
david,1
geek,1
emphasis,1
dl,1
am2,1
backlog,1
p2p,1
dots,1
pallet,1
dulled,1
windshield,1
palettes,1
vibrant,1
attitude,1
butthurt,1
1350,1
disney,1
saturate,1
attacked,1
expenditure,1
instance,1
published,1
arx,1
rotations,1
gmt,1
mains,1
beemer,1
rotates,1
fastly,1
wut,1
colour,1
tint,1
toned,1
altering,1
asses,1
drain,1
brings,1
kinds,1
october,1
18k,1
stupidly,1
fitness,1
40s,1
lifelong,1
fanashit,1
distracted,1
350,1
heiskenfeld,1
minus,1
il2,1
phases,1
evolved,1
muck,1
craigslist,1
scrapyard,1
4085,1
1300,1
c1,1
5565,1
officials,1
funds,1
lonely,1
csw,1
strike,1
dominated,1
hopped,1
ats,1
2015,1
april,1
2021,1
dabble,1
receiving,1
crappiest,1
student,1
roasted,1
bachelor,1
dd2,1
g5,1
treq,1
funnily,1
reskinned,1
hella,1
compensates,1
shopped,1
stylish,1
evaluate,1
podium1,1
475,1
inventories,1
handgrip,1
nostalgic,1
feelings,1
openwheel,1
acelith,1
aesthetic,1
soldered,1
intermittent,1
3drap,1
sf1000,1
nobsound,1
100w,1
xtra,1
410,1
watts,1
watt,1
4000,1
shuld,1
disregard,1
pcie,1
supplied,1
powe,1
heaving,1
win11,1
moza12,1
85kg,1
nexus,1
reviewed,1
flatout,1
nividia,1
projected,1
suffer,1
implementation,1
application,1
liquidvr,1
rt,1
nvidias,1
overblown,1
existant,1
nowdays,1
accordance,1
f1s,1
38,1
conflict,1
lies,1
60xx,1
intention,1
sps,1
crush,1
40fps,1
density,1
generation,1
patiently,1
3x38,1
6090,1
hurdle,1
2000w,1
fragile,1
usefull,1
messages,1
adittion,1
vibes,1
facility,1
byob,1
attracts,1
completley,1
licenses,1
duluth,1
scope,1
geographically,1
tagging,1
integrating,1
psvr,1
integrate,1
north,1
expenses,1
insurance,1
handing,1
turnkey,1
15k,1
staffing,1
jazz,1
20k,1
payback,1
loan,1
250k,1
liquidateable,1
opp,1
yearly,1
288k,1
192k,1
bombing,1
parties,1
rental,1
picks,1
sea,1
privilege,1
arizona,1
wallpaper,1
tha,1
background,1
burroughs,1
dedication,1
gz,1
gearheads,1
garageworks,1
larry,1
chens,1
timelapse,1
documenting,1
drinking,1
urquattro,1
rethink,1
follower,1
algorythms,1
coupe,1
jealous,1
scenery,1
vid,1
podcast,1
oooh,1
drools,1
shitballs,1
nabit,1
invited,1
24hr,1
irgnore,1
laoded,1
daddy,1
ethan,1
chlebowski,1
dealership,1
exotics,1
pristine,1
showroom,1
oogling,1
ferraris,1
boi,1
tingling,1
everytime,1
livery,1
showcar,1
owners,1
hondarri,1
depravity,1
checkered,1
atmosphere,1
lowball,1
butler,1
cook,1
bbq,1
subscribed,1
kswapped,1
flattering,1
humbling,1
fizzled,1
vlog,1
x1,1
limbo,1
driveline,1
algo,1
pesky,1
e36,1
86,1
535i,1
grey,1
93,1
mandatory,1
youtubing,1
bolsters,1
episode,1
stressfully,1
rooting,1
ooohhhh,1
nasty,1
athletes,1
guidance,1
bussy,1
hurting,1
smudges,1
leverage,1
met,1
urs,1
knee,1
jw,1
effective,1
380,1
enables,1
detected,1
mpi,1
simmax,1
specifics,1
molds,1
suzuki,1
velocitas,1
imperium,1
elastomeric,1
1500r,1
5ms,1
stretched,1
ei322qur,1
refurb,1
coupled,1
75lbs,1
heck,1
bolting,1
lefts,1
separating,1
bulky,1
storing,1
vertically,1
gross,1
digits,1
lands,1
wnd,1
john,1
groats,1
snowrunner,1
jank,1
copa,1
petrobras,1
marcas,1
pand,1
privacy,1
wiping,1
towels,1
cmon,1
scs,1
newest,1
cleaned,1
despise,1
piracy,1
pirates,1
evga,1
xc3,1
tower,1
12700h,1
3070ti,1
purist,1
sane,1
0tc,1
abs0,1
abs2,1
tc0,1
kunos,1
erratically,1
desperately,1
maserati,1
artificially,1
hijack,1
disabling,1
permitted,1
supercup,1
benificial,1
sectors,1
shunts,1
496,1
degrade,1
commitment,1
mere,1
marginally,1
grids,1
netcode,1
apologise,1
blew,1
40us,1
longterm,1
prohibitively,1
extraordinarily,1
gifted,1
planet,1
aldo,1
iraving,1
sorts,1
tea,1
exercise,1
radicals,1
enthralling,1
doubly,1
singeplayer,1
lmp,1
btcc,1
vanwall,1
carve,1
hypercar,1
delivers,1
heaping,1
p2,1
seaters,1
mx5s,1
lime,1
abandon,1
bye,1
spreadsheet,1
snobby,1
rhat,1
polyvalent,1
customisation,1
gussets,1
positively,1
destroyed,1
plow,1
surpassed,1
lifelike,1
behave,1
m6,1
10nm,1
admission,1
straighter,1
welcomed,1
wrx,1
dish,1
tocitaa,1
opponents,1
calculators,1
intentions,1
trackir,1
imitations,1
dorm,1
roomie,1
motorcity,1
outlaws,1
cozy,1
damnn,1
timing,1
drivens,1
dampens,1
slows,1
feeds,1
snappier,1
crispier,1
counterparts,1
doubles,1
260,1
930,1
adult,1
bike,1
walmart,1
rode,1
tx150,1
choppy,1
crucial,1
addons,1
respectively,1
t3pm,1
hunt,1
ymmv,1
2caps,1
2c275,1
asr4,1
swamped,1
inquiries,1
lurk,1
inbox,1
flagship,1
leftovers,1
rocket,1
inlcuded,1
counting,1
inventory,1
deposit,1
cautious,1
label,1
redirected,1
ticketing,1
inquiry,1
promises,1
deceptive,1
tactic,1
conceive,1
290,1
intuition,1
gray,1
marcus,1
107,1
harsh,1
revamp,1
alleviate,1
outdated,1
rabies,1
participating,1
continually,1
1586ir,1
punted,1
unsafe,1
signing,1
updating,1
10yr,1
650s,1
72fps,1
zones,1
mpr,1
chess,1
capitalised,1
invented,1
arpad,1
spilt,1
matched,1
incidents,1
lucense,1
assigning,1
accessibility,1
timezones,1
whose,1
egregious,1
sandbaggers,1
rhythm,1
deviations,1
median,1
lowers,1
796,1
711,1
database,1
distinguish,1
routinely,1
groove,1
sufficiently,1
derived,1
risky,1
invalidated,1
ess,1
jittery,1
trails,1
catered,1
conjunction,1
indication,1
tendency,1
incomsistency,1
tending,1
alignment,1
albeit,1
assumes,1
sandbag,1
outlined,1
protect,1
integrity,1
sandbagging,1
shadow,1
covering,1
summit,1
matchmaking,1
calculating,1
plausible,1
vanity,1
misunderstood,1
authorities,1
dispatched,1
miter,1
wobbles,1
ragged,1
mirin,1
chopped,1
54,1
52,1
320,1
neighbor,1
glide,1
transitions,1
protocol,1
sq,1
introduces,1
uncommon,1
viewers,1
1400,1
score,1
flooded,1
ethereum,1
mining,1
narrowed,1
worthwhile,1
140lbs,1
cites,1
shops,1
googling,1
airlink,1
wtich,1
swithing,1
crappy,1
addicted,1
blame,1
shipments,1
prompt,1
disaster,1
nw,1
slips,1
tpu,1
christmas,1
thirteen,1
eta,1
cancelling,1
sky,1
r2r,1
sat,1
existent,1
sustainable,1
solidly,1
astek,1
2022ish,1
proven,1
practices,1
digging,1
routing,1
advertisement,1
prefect,1
competitor,1
articulated,1
trhustmaster,1
specced,1
confirmation,1
skeptic,1
joysticks,1
warthog,1
september,1
logistics,1
ladder,1
reviewing,1
cooper,1
jwc,1
corkscrew,1
conrgatulations,1
pays,1
cayman,1
wheelers,1
discipline,1
remeber,1
160bhp,1
abart,1
beasts,1
victories,1
teen,1
propper,1
utube,1
upvotes,1
explicitly,1
officer,1
negotiate,1
reduced,1
rehabilitation,1
yess,1
shutoku,1
revival,1
hill,1
climbs,1
standby,1
16laps,1
shaving,1
evening,1
gulag,1
aw,1
mercedes,1
nissan,1
assettoworld,1
m3,1
15th,1
16th,1
ruining,1
survive,1
architecture,1
november,1
approval,1
660,1
hellhound,1
hellbound,1
qick319,1
huuuuge,1
translating,1
proceeded,1
alcoholic,1
drunken,1
drunk,1
diabetic,1
scabs,1
completey,1
fingernails,1
tissue,1
wine,1
3e,1
место,1
предел,1
ariel,1
vamos,1
bruv,1
july,1
roommate,1
shoulder,1
surgery,1
zoom,1
zooming,1
eight,1
grande,1
abarth,1
racecar,1
kojoj,1
disciplini,1
su,1
osvojeni,1
pehari,1
svaka,1
lando,1
serving,1
belief,1
monetize,1
prevalent,1
musical,1
guitar,1
teenager,1
musicians,1
sweeps,1
blastbeats,1
spicier,1
adequately,1
conveys,1
utilize,1
dailying,1
r30,1
ae70,1
corolla,1
ae85,1
fwd,1
ascona,1
cadette,1
e30,1
sierra,1
dare,1
trackable,1
pfffff,1
8v,1
80hp,1
hondas,1
primitive,1
bilstein,1
b14,1
fiat,1
punto,1
memoribilia,1
achievements,1
newbie,1
retrospect,1
kindly,1
beforehand,1
goodwood,1
shaping,1
2008,1
hillbilly,1
chiptuning,1
originaly,1
120hp,1
hufs,1
pufs,1
alsho,1
octi,1
tdi,1
zo,1
ants,1
irony,1
appropriate,1
modesty,1
cups,1
necrophagist,1
faceless,1
obscura,1
obsidious,1
gorod,1
spawn,1
possession,1
counterpoint,1
riffs,1
scandi,1
flicks,1
loll,1
voted,1
meaningless,1
recognition,1
flew,1
notifications,1
interests,1
whining,1
accomplishments,1
chronically,1
pos,1
обращай,1
на,1
него,1
внимания,1
он,1
идиот,1
nobodies,1
contribute,1
maaaan,1
december,1
stabilizing,1
indicates,1
gratitude,1
managing,1
diligently,1
expedite,1
anticipate,1
tr,1
wildfire,1
ons,1
issued,1
held,1
responses,1
overwhelming,1
blackfriday,1
canceling,1
staff,1
meantime,1
canceled,1
aesthetically,1
pleasing,1
holidays,1
overwhelmed,1
cheating,1
𝐠,1
caesar,1
palace,1
shanghai,1
shang,1
choosin,1
ⱙ,1
ŵ,1
龘,1
cota,1
ç,1
ra,1
babyyyyy,1
ф,1
eszett,1
ط,1
capilal,1
banked,1
busses,1
towing,1
venues,1
capital,1
handgun,1
cock,1
faucet,1
œ,1
木,1
ds,1
ohhh,1
å,1
سعد,1
φ,1
ธ,1
lmnop,1
simplified,1
glued,1
shoe,1
string,1
couses,1
showdown,1
sus,1
hockenheim,1
southern,1
redbull,1
𱁬,1
qatar,1
catalunya,1
unicode,1
jh,1
sam,1
lmaooooooo,1
diecasts,1
sans,1
uppercase,1
goofed,1
straightaway,1
indycars,1
247,1
tradition,1
outline,1
chile,1
disrespect,1
stripe,1
scharfes,1
resurgence,1
onboards,1
rovals,1
volunteering,1
irritated,1
pile,1
winners,1
unseen,1
kenya,1
ze,1
adhd,1
procrastinating,1
adapted,1
urdu,1
marbles,1
procrastinated,1
scouring,1
web,1
remastered,1
turkish,1
wars,1
bowels,1
pronounces,1
launching,1
lb,1
radial,1
sling,1
shatter,1
rowing,1
figurative,1
language,1
voicing,1
frustrations,1
dislike,1
chicanes,1
overboard,1
passing,1
moves,1
christ,1
almighty,1
snooze,1
fest,1
quoted,1
ig,1
parks,1
nightmares,1
hats,1
spectators,1
strawman,1
located,1
completing,1
china,1
tony,1
kanaan,1
intetnals,1
favor,1
sensitivity,1
profiler,1
hundreds,1
meld,1
graveyard,1
dock,1
chock,1
threaded,1
wheely,1
gokart,1
nlt,1
tr6,1
finer,1
retailer,1
infinitely,1
sticky,1
checkout,1
numbera,1
budge,1
peoole,1
ckude,1
rude,1
ambiguity,1
promised,1
badge,1
outright,1
assembled,1
hyped,1
broski,1
eyeing,1
2017,1
anxiously,1
bundled,1
tahko,1
caster,1
loosen,1
labeled,1
boom,1
holiday,1
feb,1
19th,1
resting,1
13th,1
residual,1
brunch,1
bride,1
glitter,1
dipping,1
motedis,1
visualize,1
personality,1
relative,1
deskspace,1
flexible,1
worms,1
cousins,1
execution,1
exposing,1
levers,1
newcomers,1
arnt,1
unappealing,1
dubious,1
commenting,1
flightsim,1
hw,1
dressed,1
entice,1
buttonbox,1
elevates,1
merrier,1
manner,1
exceeding,1
enclosed,1
shrouded,1
gut,1
plasic,1
ecosystems,1
rejoice,1
useability,1
uninteresting,1
fisher,1
highlight,1
marketingteam,1
plastics,1
flop,1
checks,1
uggggly,1
motivated,1
blend,1
wished,1
renderings,1
indicators,1
faith,1
earcup,1
disintegrated,1
flashy,1
outclassed,1
interchange,1
boards,1
serves,1
plasticky,1
gorilla,1
260mm,1
extras,1
700usd,1
glossy,1
midge,1
male,1
coiled,1
ohm,1
scratching,1
thrustmasters,1
upgradeable,1
estop,1
padals,1
havnt,1
tikes,1
toddler,1
segment,1
generations,1
creek,1
substitute,1
utility,1
leaps,1
innovation,1
msrps,1
pronounced,1
375,1
annual,1
covers,1
distinct,1
duping,1
qs,1
lasts,1
fanatc,1
margins,1
jut,1
established,1
spotted,1
distribution,1
geared,1
injection,1
molding,1
discovering,1
hah,1
breakdown,1
sofar,1
evokes,1
rumours,1
hopeful,1
iteration,1
haves,1
wears,1
450,1
bnib,1
enters,1
estimated,1
knowledgeable,1
bloated,1
107yid6,1
mtcwnja0nzk1oc4xljaumtcwnja0nzk1oc4wljauma,1
rb8sku,1
mtcwnja0nzk1oc4xljeumtcwnja0ode3oc4wljauma,1
deffo,1
21nm,1
meal,1
iirc,1
foundation,1
40ish,1
stoop,1
suspect,1
300mm,1
266mm,1
280mm,1
mercari,1
entertain,1
struggling,1
loading,1
indeterminate,1
shoot,1
buttery,1
loaded,1
afforded,1
1200mbps,1
smeared,1
vaseline,1
header,1
steamlink,1
2060,1
msaa,1
fluke,1
headsets,1
limitation,1
wifi6,1
pdfs,1
vx,1
instantaneously,1
engagement,1
waaaay,1
plush,1
vacuum,1
assistance,1
tonnes,1
heusinkvelds,1
